,filename,chroma_stft_mean,chroma_stft_var,rms_mean,rms_var,spectral_centroid_mean,spectral_centroid_var,spectral_bandwidth_mean,spectral_bandwidth_var,rolloff_mean,rolloff_var,zero_crossing_rate_mean,zero_crossing_rate_var,harmony_mean,harmony_var,perceptr_mean,perceptr_var,tempo,mfcc1_mean,mfcc1_var,mfcc2_mean,mfcc2_var,mfcc3_mean,mfcc3_var,mfcc4_mean,mfcc4_var,mfcc5_mean,mfcc5_var,mfcc6_mean,mfcc6_var,mfcc7_mean,mfcc7_var,mfcc8_mean,mfcc8_var,mfcc9_mean,mfcc9_var,mfcc10_mean,mfcc10_var,mfcc11_mean,mfcc11_var,mfcc12_mean,mfcc12_var,mfcc13_mean,mfcc13_var,mfcc14_mean,mfcc14_var,mfcc15_mean,mfcc15_var,mfcc16_mean,mfcc16_var,mfcc17_mean,mfcc17_var,mfcc18_mean,mfcc18_var,mfcc19_mean,mfcc19_var,mfcc20_mean,mfcc20_var,label
0,72_Nói Với Em Rằng... - Bùi Anh Tuấn _Official Audio_,0.2396063,0.088225976,0.10061858,0.0070341732,1574.4449903247742,544040.0652955533,2224.8144671434925,284067.59336798725,3264.3844273806358,4682792.177265243,0.05638930376838235,0.0019001253471633295,-4.712931e-05,0.01439635,-6.113597e-05,0.0007775114,129.19921875,-237.34486,7364.5645,121.020584,791.3531,38.28146,366.9813,9.555941,252.32063,1.6681689,383.8757,-1.1193793,152.5703,-11.551304,182.59743,5.3035827,109.742516,-22.618608,194.09984,6.061181,165.51364,2.693643,89.3674,-1.7734379,91.57572,-3.9829419,81.37419,2.8265886,70.23628,-3.0943255,78.88146,1.2682921,89.41881,0.11858271,68.82736,-1.935302,71.6939,3.2875047,96.955734,-7.8288445,94.2839,ballad
1,96_Yêu Thương Ngày Đó - SOOBIN Hoàng Sơn,0.2798103,0.08635605,0.10801109,0.0025978484,1669.8629774423669,532744.2208493839,2079.8015804101838,222307.0773168126,3352.6172271822998,2717726.7711893213,0.06961862664473684,0.002180899434666962,-3.1656116e-05,0.009453348,-0.00042454095,0.0018646241,129.19921875,-171.84943,8093.2485,123.274536,1159.0115,8.683622,275.5328,21.727726,235.5618,5.2738967,175.038,-8.237742,132.0952,-8.783938,110.67682,2.5056443,103.76749,-16.012613,160.36327,7.682691,156.88606,-5.8380365,88.492096,-4.648881,139.9028,-3.8362947,89.838715,-0.5451867,65.18393,-3.8831885,80.48153,-0.78978366,78.416466,-7.48434,75.54913,-0.14923568,72.97234,-2.3384178,85.45246,-6.283576,138.78926,ballad
2,25_Chẳng Ai Đến Thế Giới Này Để Cô Đơn,0.22487031,0.0860932,0.19552603,0.015494875,1049.548392446664,463953.7463442686,1336.162599304789,863011.108564041,1946.6673954352507,3174116.8807433043,0.04783266616679566,0.0006439200615763811,-0.0030139852,0.04744679,-0.0006118176,0.0016508352,107.666015625,-222.84438,10984.051,154.28125,1661.761,30.783566,635.5481,-4.2359743,498.72717,3.9373915,275.33542,-8.544175,145.62645,-14.567935,251.9728,-1.3043265,243.22966,-9.961115,152.94629,-3.659227,94.41965,-8.096206,134.24606,-12.144905,140.03183,-15.492009,179.1455,-3.5047538,96.97684,-6.317292,69.703125,-5.146345,94.493965,-7.304261,74.785904,-3.8136182,79.66525,-5.267002,96.95366,-6.046769,102.85936,ballad
3,41_Chua Bao Gio,0.22409862,0.086295396,0.08573122,0.002402824,1406.810671896792,342871.2301295092,1680.3249648779179,201474.808182735,2688.171244996251,1763408.980121349,0.06147525185032895,0.0012313372796835097,5.0757603e-06,0.008519529,1.2561758e-06,0.00040738517,143.5546875,-233.83073,5543.706,131.30595,1043.5714,-8.199691,637.52167,16.766405,237.46826,-1.2970065,288.95602,-1.5921615,255.3778,-8.626647,218.08405,-2.298494,134.7113,-12.236312,198.5117,1.9348632,128.43997,-6.700083,120.82629,-8.125278,111.587906,-8.47942,118.20932,-3.9586828,112.102745,-8.585778,95.210686,-7.1927223,117.04742,-4.9869065,123.56122,-1.3112861,115.603424,-7.0309567,127.13614,-1.0719633,175.93108,ballad
4,5_Khoc Cung Em,0.3143062,0.090719625,0.2611032,0.006896348,2669.4341266191464,708916.48068248,2746.789622520263,194569.1020274458,6044.8759474621465,3190636.9140094942,0.11169282423084366,0.004293489057142317,1.2032965e-05,0.039747592,-4.5119596e-05,0.017158724,107.666015625,-26.287027,3388.3354,80.6732,1075.6018,-1.2932855,561.15546,5.8718123,437.68533,10.228554,399.35278,-2.689834,219.1911,-14.577371,169.14572,3.1834698,150.92316,-9.481996,159.74617,1.797748,125.07445,-4.5449533,88.89563,-5.022659,115.18116,-9.2926655,65.95818,-0.44577163,84.36956,-3.9175212,85.18911,4.9132714,75.235054,1.6174846,103.62031,5.682794,105.249954,-1.5783054,88.72788,-0.1398546,81.884926,ballad
5,56_Những Ngày Vắng Em,0.26779673,0.09182618,0.20389512,0.0068556275,1367.2587594525457,545040.8841162942,2058.8704400710235,282252.2090926451,2708.079457947344,3106750.3211529506,0.04035916638448142,0.0013506218246402682,-1.7496876e-06,0.042074922,-4.010725e-05,0.001864706,92.28515625,-175.64688,3400.7996,116.57616,1011.49255,22.802141,201.65804,27.512257,279.45587,21.846003,224.86174,3.2088017,147.43723,-4.5344563,127.982414,-0.24963742,126.95317,-23.881092,108.90243,-8.301712,106.37374,-16.20573,89.19964,-4.6245456,87.28368,-16.595407,74.465454,-12.862716,81.59234,-12.17152,63.463043,-4.6701746,99.045586,-10.142851,93.79266,-5.6107106,81.58716,-8.486363,80.7369,-7.262911,77.767624,ballad
6,47_Trai Dat Tron Khong Gi La Khong The,0.26846498,0.090696394,0.093719244,0.0031094935,1391.3527686001805,578385.4587714453,1817.5164429694219,460085.23220804613,2733.254305718484,3280181.326775037,0.04971360717395511,0.0012249677258131368,1.6474898e-05,0.0096552,-6.607535e-05,0.00093627174,107.666015625,-244.7239,9963.038,118.25832,1249.2769,15.593856,741.89856,24.79722,431.70145,9.39434,319.00064,0.9352967,320.97476,-6.2889886,119.65337,-1.8737895,223.70068,-13.718926,152.05345,-6.5835824,129.63959,-12.377401,158.61801,-9.878206,161.61746,-9.000567,112.69703,-3.3812487,102.11461,-4.581094,120.76381,-5.84347,133.64493,-8.187862,98.4009,-5.292177,130.47894,-3.938345,119.587296,-4.67425,112.14804,ballad
7,1_Một Bước Yêu_ Vạn Dặm Đau,0.2529603,0.08850252,0.2076234,0.0064231604,1512.967234854172,669119.5103753617,2118.2461967194745,487922.12493398896,3175.347465774961,4999556.394605694,0.05159965019107972,0.0018064743116143638,-0.0064614476,0.041246925,-0.0022367064,0.0026596924,135.99917763157896,-154.93047,6560.9946,130.78174,1333.5723,22.669024,288.08505,5.6521673,573.9821,18.182236,261.1804,-5.977858,162.0138,-20.598143,329.3274,5.086492,151.22356,-10.318554,155.1741,-6.46569,226.82738,-7.131071,118.80448,-11.922549,152.52977,-16.844805,175.64496,-0.5972224,90.477425,-9.065218,97.62463,-1.8650596,87.918976,-6.783427,65.28388,-3.2305987,118.46819,-2.6834111,73.98789,-4.124457,89.01558,ballad
8,37_Anh Tự Do Nhưng Cô Đơn,0.23232764,0.08889008,0.08098651,0.0015104973,1881.7740355845672,786122.4086711722,2241.5592106061217,283936.3666803077,4005.5674455483263,3594721.7084405865,0.06794101018285603,0.0035974489480094496,3.9846375e-07,0.0067140614,-1.9840692e-05,0.00034992048,143.5546875,-217.36368,6073.1675,103.120865,1211.6625,10.951188,435.5129,28.510141,253.56738,3.1713088,223.69101,-1.8331172,149.46693,-5.776574,127.52963,-7.794976,114.46147,-12.778843,136.97308,6.921231,171.94894,-12.89805,72.53501,-4.721898,89.144615,-13.619485,79.88011,-2.6851985,89.2833,-11.9427595,76.006355,-9.594152,80.16157,-6.6857524,113.15515,-2.1488302,93.35872,-5.9808583,117.59937,-0.904228,139.12357,ballad
9,39_Trung Quân _ Người Đang Yêu,0.25858766,0.08970912,0.06862257,0.0008340692,1379.973293206933,436998.90511346556,1954.0936512300252,264523.7309020292,2700.0211733413553,2508497.171006951,0.046554329225522446,0.0012061242092903939,7.5290194e-07,0.0044692447,-4.6068615e-07,0.0002732668,184.5703125,-254.84549,3829.7666,127.53246,941.6214,13.810151,298.39313,21.16035,272.44547,8.167565,278.29916,0.17442034,174.59924,2.5355077,130.2207,-4.2441034,82.660446,-12.5741415,104.220215,5.2423735,129.87048,-18.006092,78.91228,-6.521678,64.85683,-12.998364,64.35792,-4.4417553,74.85274,-12.481448,68.44326,-12.319463,61.768738,-12.233488,60.120926,-4.3848724,82.17892,-8.543085,136.56003,0.33880696,165.94028,ballad
10,88_Hoa Nở Không Màu,0.24231,0.09030953,0.15974972,0.005326831,1102.7375490927773,425512.11358376103,1532.105061506999,267188.3827048966,1963.7006257709704,1997688.835962976,0.044759555497774765,0.0013245297513821417,-6.292025e-07,0.027517095,-1.2033694e-06,0.00094564894,143.5546875,-221.07738,4040.9683,138.04948,1210.4437,14.060483,503.2428,26.776377,443.5986,8.632719,266.13254,-14.516263,182.70189,-2.9146423,130.52783,1.4038912,164.75201,-27.734297,190.84563,-0.7228745,160.69318,-10.794107,157.18869,-12.22492,109.83244,-15.154357,86.141846,-13.542162,128.99959,-4.9452724,102.81368,-6.808512,143.94379,-10.49403,137.59293,-8.764379,99.936035,-8.402196,94.42806,-15.209343,125.39465,ballad
11,32_MƯA THÁNG SÁU _ VĂN MAI HƯƠNG _feat. GREY D_ TRUNG QUÂN_ _prod. by HỨA KIM TUYỀN_,0.2554562,0.088266805,0.11364645,0.0027534356,1641.705218905171,496063.6162545206,1928.8872583511015,257140.32878304238,3189.3473811193885,2137044.0800954946,0.06577605728763544,0.0023118518392883894,-6.942969e-07,0.01213748,-1.7946837e-07,0.0013454853,69.83741554054055,-184.36188,4074.6702,116.768936,1001.6918,-11.790775,1645.8597,18.18765,416.97726,-1.6404974,295.57175,-8.532637,428.1278,-19.476673,120.80863,-5.8592677,175.61333,-15.57795,119.37909,-0.6446846,123.968315,-16.429546,131.89195,-10.18952,116.74554,-13.907069,93.99384,-9.228729,98.86392,-7.299124,108.46638,-5.941443,117.58063,-7.4968934,113.19473,-2.4669263,91.885765,-4.740248,76.14908,-4.120125,103.880974,ballad
12,7_Mr Siro _ Day Dứt Nỗi Đau,0.25772426,0.091637515,0.23027289,0.01284448,1852.7595352388882,1058167.764980641,2313.9823496555864,486079.85538473586,4127.008377878289,5771173.183688496,0.0670082871758901,0.004597741729959799,-0.0015559563,0.050748494,-0.00084381044,0.0062875147,151.99908088235293,-120.248146,8378.599,108.44356,1406.7292,21.033672,256.99527,11.160856,511.34192,13.189453,221.42715,-1.1076838,145.32268,-16.059776,233.60614,5.5787106,201.90259,-8.008473,125.38401,-1.1043234,134.155,-7.178973,117.47876,-12.542985,216.24715,-12.050509,154.42342,1.5593175,101.3941,-5.357646,93.51873,-3.7473958,100.85976,-1.5643815,88.852715,-3.2132518,86.10941,-2.564424,79.206924,-1.764441,61.076225,ballad
13,2_Mr Siro _ Tự Lau Nước Mắt,0.28670633,0.08742085,0.2628476,0.008603963,1773.8267751150186,713354.1580741832,2281.8494458605264,547800.2455698125,4068.742063540054,4677230.448850384,0.062861864780863,0.002253120878835086,-0.0040959464,0.058352783,-0.002932972,0.0066444045,143.5546875,-93.856255,8215.892,122.752045,1594.7726,22.50982,339.72015,10.6656,298.96155,15.339115,216.65034,-1.3400712,116.18899,-14.864216,246.30316,8.675707,186.85162,-7.373099,140.14316,-1.9816997,187.32324,-6.486579,107.22909,-11.31481,119.91909,-16.403872,143.61235,3.7694738,81.86499,-6.5939617,95.67907,1.7665645,95.026985,-4.1159763,66.02524,-3.6893852,88.74872,-2.2375438,75.768845,-1.1231301,86.700584,ballad
14,76_Ki Ức Ngủ Quên,0.23513958,0.08725726,0.11822278,0.003500244,1719.0047101179605,775013.5090729638,1997.2586090625216,230877.84582829798,3320.625753963695,2900585.361268658,0.0728899598490712,0.0038881583646359604,-5.6240077e-07,0.014122533,-2.0316297e-06,0.0010845717,172.265625,-189.80563,5757.027,112.6399,1614.4795,2.9628236,368.0349,18.201424,264.89246,1.4573712,222.17668,1.1244789,152.01953,-10.16542,124.88455,-7.326912,126.29198,-15.590294,157.70328,0.44420856,158.99135,-18.929844,101.2461,-10.332922,88.41376,-7.212109,94.656555,-4.213262,144.40587,-3.4973896,146.64124,-5.725645,160.08961,-4.4829874,177.08728,0.35303888,153.93929,-3.1068382,142.01367,4.031593,138.45908,ballad
15,50_về phía mưa,0.297114,0.08966916,0.07594292,0.0017276787,1480.6817308681452,676682.030509421,1905.8984685785083,265299.5257158612,2832.3537064779653,2829846.8741242643,0.05398058817482585,0.002381851701450553,-3.619529e-07,0.005855394,1.1031307e-06,0.0005035028,123.046875,-239.97858,6737.7676,124.91185,1415.5707,0.5102095,381.53958,15.794075,337.03174,6.131886,209.1605,6.8170505,204.28778,4.5890884,177.22139,2.1283197,162.17618,-10.959059,127.64249,-0.86098295,110.34849,-17.987366,84.16567,-8.442429,101.68213,-14.952657,73.472885,-9.325485,77.25782,-11.244376,73.520935,-11.253509,75.38877,-11.201949,81.21736,-2.8857708,75.316284,-14.036928,88.573265,-7.819014,97.64516,ballad
16,58_Ra Là Em Đâu Quá Mong Manh,0.23844354,0.09340248,0.23498067,0.015672352,1727.9904489718308,700433.5088994271,2076.9890069181724,188013.76598201512,3447.2458216428017,2765664.7602060074,0.0698625783064048,0.0035352148740509883,-6.416018e-06,0.052568458,-0.00014042389,0.0066752504,151.99908088235293,-131.71347,8917.196,107.40786,1043.1481,4.479118,412.59415,25.351751,302.89923,2.7348564,168.72562,0.2726446,211.43088,3.288925,186.29596,1.1709237,165.51944,0.7282297,133.83453,9.702788,162.89304,-13.680062,120.444305,-1.9046444,94.85665,-8.102811,104.56165,-7.78078,120.12285,-5.242396,148.82927,0.5844328,215.56221,-2.7333195,220.41824,3.260042,265.50818,-2.5235305,170.99136,-2.2947006,187.17862,ballad
17,35_Tự Tình 2,0.270082,0.089626245,0.08341048,0.0014267933,1270.8771629155185,628156.1992928863,1831.5632873581103,342613.8054092958,2376.1856315305727,3147978.740202475,0.04213315414570434,0.0017388531879403422,1.21560215e-05,0.0070117866,1.1740687e-05,0.00039710806,86.1328125,-256.45468,4158.612,137.62123,1437.0664,22.637146,404.50684,25.605686,304.65747,12.418104,240.1429,1.8695599,161.51413,-5.39925,152.11526,-0.0643697,148.81464,-13.740227,187.93651,3.1586082,102.62806,-11.827806,90.193474,-2.4094462,89.71599,-9.477516,107.98518,-1.1308345,92.21066,-5.022899,97.60058,-5.58333,80.01428,-9.754372,72.94386,-3.186342,69.76121,-7.317974,76.9322,-5.076535,73.46559,ballad
18,83_Khi Nguoi Lon Co Don,0.27880117,0.08774,0.1774079,0.0049447874,1295.5564353326522,368791.6051105158,1743.7884646309035,308302.6027318182,2415.431227551156,2047634.2644348044,0.053879681755514705,0.0009363358594413403,3.837555e-06,0.029416582,-4.4926313e-05,0.0019490577,112.34714673913044,-154.11272,4497.3213,146.50877,1111.1549,-4.797931,398.1385,8.0485115,225.70598,19.619875,147.3165,0.5920893,144.04382,-6.1263046,99.81175,4.1130414,99.29455,-19.325102,148.13521,1.0198716,152.9929,-17.7235,94.64571,-7.408805,116.84791,-16.45555,82.59024,-2.846716,91.531906,-10.135546,84.87784,-0.739959,89.28662,-7.28437,83.11575,-4.477007,70.73169,-12.239661,101.49369,-8.053543,93.452324,ballad
19,90_Nàng Thơ,0.23639943,0.08830303,0.12645814,0.0048151417,1532.064110003023,450765.20838556625,1899.3320778100228,235860.98974489787,2850.886927743445,2037586.6241430284,0.06421710979827787,0.0018582873008977077,-1.4415302e-06,0.017569702,-5.146912e-06,0.0009846701,123.046875,-197.00516,5995.853,128.25314,1323.4849,-8.189162,277.98145,8.214393,275.22943,7.625068,396.43268,-11.7331705,279.58575,-4.5983357,148.77606,-0.11677745,145.48738,-17.162909,193.57512,-10.651755,134.55751,-11.175171,164.93555,-8.571292,139.65244,-4.838008,127.19483,-5.510511,111.71503,-10.397132,122.742455,0.12289561,112.17619,-14.366622,86.178566,-4.1916785,88.95748,-2.9279525,98.24392,-6.466926,137.5051,ballad
20,60_Yêu Một Người Sao Buồn Đến Thế,0.29218885,0.08682238,0.08409533,0.0018039431,1268.9012760198557,566730.0699373566,1750.544789029523,336844.8815737985,2534.1263431513644,3094999.432796659,0.0482731396937887,0.0018834444739042407,6.9949596e-07,0.0067880983,-5.408278e-06,0.00054772064,129.19921875,-242.791,5733.1733,142.72481,1686.7279,16.26137,422.598,26.859514,390.1871,7.415438,180.77557,8.157013,161.63475,-6.3480725,129.4878,-0.5880631,136.3454,-19.430109,275.66922,0.6879395,157.69052,-13.861957,91.0671,-3.9948435,103.08304,-5.5887403,101.80469,-3.9273088,100.18884,-3.5272753,91.198265,-4.62834,74.32287,-7.424968,75.79321,-5.2335844,75.39597,-8.85053,71.838455,-6.378167,115.59406,ballad
21,3_Chạm Đáy Nỗi Đau,0.24018344,0.087335736,0.19287069,0.004589392,1487.310373061278,627390.4081844952,2115.561674291241,534111.6035361633,2954.8071326855165,5320999.934018727,0.05050914280185759,0.0011174693125338576,-6.8371855e-07,0.034853633,-4.0324023e-05,0.0024636309,123.046875,-185.23982,5075.719,136.70712,1669.8757,34.553024,354.75745,-11.278145,508.0152,10.378336,397.42776,-17.392405,213.95181,-32.825493,194.53928,5.325351,214.32883,-25.055664,153.29124,-11.558677,176.47702,-11.546476,107.70881,-22.926746,110.07257,-26.012655,100.75741,-1.717268,107.284096,-14.87091,144.74461,-5.55568,101.63374,-9.836454,79.37901,-13.258722,94.93795,-5.3444996,81.58099,-8.157895,77.53315,ballad
22,36_Tinh Nao Khong Nhu Tinh Dau,0.23210533,0.0880994,0.111721724,0.003200926,932.8549330514209,294202.14612955187,1056.641679918937,493521.8383131431,1611.7985870077882,1433912.578809523,0.04579488559404025,0.0006364485965869129,-1.6610451e-06,0.013725754,-1.44631e-05,0.0006008859,64.599609375,-258.47855,4923.1904,171.7951,1324.4839,0.23934937,325.73132,-6.397913,208.5945,9.64126,173.07214,-13.15921,194.27226,-13.442881,170.54353,-10.385801,117.60557,-17.035685,127.67248,-9.644671,126.15218,-8.82017,101.17173,-7.146969,57.061665,-10.5658655,110.01357,-5.248713,104.87761,-7.39878,113.36218,-0.7494922,120.35894,0.013148068,163.47891,-0.4955924,84.55534,-6.810432,74.77495,-3.8434024,76.296104,ballad
23,31_Người Yêu Tôi Lạnh Lùng Sắt Đá,0.25905862,0.08898376,0.26944226,0.010937498,1815.8146537171897,700606.6499813652,2289.0708277726358,533455.8762898737,4212.628693477288,5693099.412599037,0.06340872466379643,0.0014650379839559837,-0.016296137,0.06616289,-0.002056529,0.005373444,135.99917763157896,-90.97065,6186.2925,120.08769,1323.6467,13.589117,511.2349,7.66363,409.15973,16.587305,236.37413,-2.9616718,150.05316,-17.227957,157.16374,6.073475,134.45677,-10.198921,90.04284,-2.0632596,112.98758,-9.860474,79.53167,-12.617845,108.17198,-15.433464,108.57691,-0.12194607,70.71701,-4.588052,70.47765,-3.9355464,73.69346,-7.40864,65.82254,-2.4203541,62.74007,-4.494966,73.43824,-7.0448456,86.84021,ballad
24,18_Mr Siro _ Càng Níu Giữ Càng Dễ Mất,0.2549633,0.08681591,0.21760021,0.007721665,1565.0887803469725,458983.44878527254,2158.377168112516,330501.22106814146,3246.4470358455883,3289853.913286653,0.05677800134239551,0.0015939566798358982,-0.013300967,0.04401376,-0.0018617824,0.0033628,143.5546875,-128.41925,6194.266,125.19877,883.3728,18.369972,413.44998,8.765373,506.82828,13.520916,266.53284,-4.705232,159.88362,-12.953593,334.2214,6.5405426,163.43777,-11.745001,145.031,-7.3703513,145.17651,-8.070866,107.91012,-9.32629,105.483215,-14.897552,151.20131,1.2350429,81.51663,-8.925265,79.21105,-2.90959,109.47565,-4.9953604,72.59641,-2.8641262,100.24741,-5.059032,66.51491,-4.600721,83.488945,ballad
25,70_Hãy Yêu Anh - Bùi Anh Tuấn _ Đời Cho Ta Bao Lần Đôi Mươi OST,0.2935894,0.08696162,0.06758438,0.0015255251,1329.7302169725372,477296.10036416707,1815.4140681866743,355563.3520093377,2498.301559778928,2685081.9364222423,0.051487217008513934,0.001281788512913129,-3.791794e-05,0.0044429814,-9.897982e-05,0.0006002481,64.599609375,-246.03,5853.605,140.31572,1020.7087,11.282461,278.81085,12.655057,196.67172,10.334477,189.01852,-3.3032393,182.7556,-8.626685,115.57348,-1.1116065,84.43087,-16.705795,136.2839,1.2367116,135.6265,-6.7901735,63.589977,-3.2067773,70.09478,-5.855619,65.776665,-4.2733164,82.182236,-5.9216075,56.000217,-5.957931,67.57656,-8.544858,67.31493,0.33952862,82.56316,-5.8812485,90.2364,-4.80187,63.397095,ballad
26,55_Là Em - Thái Đinh ft. Minh Cà Ri _ OFFICIAL,0.23402192,0.090688825,0.10027023,0.002710225,1310.771714828356,765540.2772099781,1743.308006777637,573742.179154384,2447.3185347329722,3678294.465578695,0.047067553635352165,0.0018128421614328535,-8.7801834e-07,0.01045783,-5.6545887e-06,0.0009321338,172.265625,-255.12367,11214.465,132.64046,1810.2441,10.359481,490.7173,12.40684,345.72885,23.956303,297.25848,-2.2126393,176.70233,-5.8373327,156.61687,-1.8154342,157.26367,-19.219114,136.36665,-5.707947,101.477745,-12.020109,83.635216,-9.832602,87.439514,-12.781041,85.45258,-7.4750347,97.54206,-4.226018,100.68924,-9.161281,59.136784,-10.963073,62.13945,-6.792918,86.3102,-5.6742463,91.99252,-3.058881,85.6472,ballad
27,21_Lang Le Ton Thuong,0.26526636,0.09087756,0.12572435,0.0027412614,2114.822219282313,976410.230391714,2586.3780248145054,276317.72984155465,4885.749623207116,5133825.988541472,0.07800878755079334,0.005485937011140048,-0.0020751015,0.014454289,-0.0014391093,0.0013073888,172.265625,-160.97185,4036.1052,103.43967,1062.5933,20.439634,396.32205,5.9867134,309.572,18.04304,210.11995,0.55168146,116.90344,-13.20629,255.01175,6.688257,130.89893,-15.427701,224.84651,-0.22302642,119.22874,-8.8333645,124.71559,-10.744095,190.51427,-11.777989,141.94464,0.86127174,112.113716,-4.8285656,110.597404,-4.3684053,108.18653,-3.6065898,74.48286,-3.0959723,86.55664,-5.3754725,88.232155,-0.40664834,123.75556,ballad
28,46_Trot Yeu,0.24984512,0.089831874,0.069487765,0.002327206,1392.418483967034,544212.6412099967,1628.420915312536,265769.90359681874,2584.4760386936437,2215016.889263602,0.061709566382062694,0.002159652282387922,-1.5748321e-07,0.0053971005,7.391472e-06,0.0007198517,151.99908088235293,-283.18335,10114.268,124.4699,1591.139,-1.0417571,895.95276,23.65903,391.10745,5.1572757,285.74786,-18.448257,271.80704,-6.6569357,252.39992,-5.196175,235.23027,-28.112833,239.33905,-1.9236438,239.62152,-16.473885,172.38985,-8.257131,160.77084,-13.088979,99.09484,-9.853573,122.00122,-8.016374,104.467865,-13.685701,116.48613,-11.7104025,139.51228,-0.3677852,149.37474,-4.6840315,161.0678,-5.5736604,226.2557,ballad
29,52_Phố Không Em,0.25481313,0.091335885,0.12290313,0.0036130475,1297.9294639711534,533950.7049254968,1997.552702909712,300057.9867071907,2412.156247354513,3149004.3323651785,0.03625318214251161,0.0009695887536690009,3.8086812e-06,0.016547643,2.8093207e-05,0.0005443619,89.10290948275862,-233.36488,3930.121,120.515724,860.2382,23.591341,252.50977,19.164093,275.05908,17.790066,227.4692,-9.491087,150.90204,-6.615999,134.70988,6.8055334,135.58565,-18.58949,112.70426,-11.244477,106.35429,-16.409252,80.289925,-9.325485,75.2085,-15.137315,74.8541,-10.571225,65.78794,-12.300358,62.122135,-8.200966,54.8434,-15.960623,46.63574,-8.691374,53.552147,-10.976688,46.892857,-12.2972,56.332973,ballad
30,100_Có Một Ngày Trời Không Nắng,0.23540233,0.089957684,0.116206214,0.0035088984,977.2454744065132,307991.9613001116,1376.1210711584408,300124.8542401711,1705.0355232167908,1381113.791286515,0.03709973787006579,0.0006932850586575484,-7.4014906e-07,0.014839808,-8.915009e-06,0.0005844076,161.4990234375,-251.03447,5146.919,155.57768,1224.6224,5.9507174,360.23035,9.592963,250.52716,14.178817,180.22012,-6.2495546,182.972,-6.797439,119.61363,-9.344153,105.8738,-23.990767,151.34119,-8.457086,95.01998,-15.218248,68.42807,-15.208646,61.374184,-17.478687,67.16247,-10.435607,74.11943,-8.834552,64.51745,-7.6223273,92.61061,-9.426876,72.31442,-6.1493587,56.76424,-8.374125,66.82546,-4.122626,44.16013,ballad
31,12_Đừng Lo Anh Đợi Mà,0.26341316,0.08911825,0.24908644,0.011794092,1951.6955997588166,838641.6955501703,2438.8046062800763,481377.96636718494,4616.5137512395995,5507820.548543393,0.06752869219233747,0.002804022395946399,-0.0002491107,0.053442497,-0.0004386679,0.008014864,161.4990234375,-104.16714,7072.0093,112.5389,1247.8458,28.002453,317.44324,5.253142,407.3907,14.400593,247.34738,3.209253,193.00552,-19.010782,276.3996,11.474818,162.42456,-8.981048,136.17041,-3.9746845,228.66486,-2.2532797,138.2421,-7.953571,124.63682,-17.048044,158.22267,4.5746303,95.46722,-7.682815,109.15758,1.1320987,102.48834,-5.165404,76.60477,-2.1073718,106.36835,0.19925106,88.418335,-0.018428272,88.62482,ballad
32,33_Trung Quân _ Và Ngày Nào Đó,0.26055664,0.09056129,0.047785375,0.0009214127,1476.963368230763,719748.4637455761,1968.7821607659976,539137.4954094527,2999.652694843871,5174025.003356338,0.05183509850280573,0.0013518970321548703,2.7949773e-07,0.002530438,1.0455963e-05,0.0001842616,172.265625,-305.948,9730.099,128.4346,1571.6229,22.322817,794.3782,12.165236,272.29803,5.72815,284.2187,-2.3161125,189.6473,-2.8209028,177.10854,-6.403498,110.06696,-14.191192,109.79646,0.55947894,147.18175,-17.762583,100.99464,-5.8542056,78.17452,-13.905866,77.76339,-1.3206637,72.1349,-4.841738,77.30667,-4.073943,82.07689,-5.6716113,102.29555,-0.3195463,85.26059,-6.504352,100.47352,-2.3132782,88.939445,ballad
33,53_Đi Qua Mùa Hạ,0.24823466,0.08948154,0.11695269,0.0024944248,1488.5448657353572,603720.4795354427,2014.0008922772902,287393.45339216344,2907.4740855686437,3259388.0624973183,0.052004976538312694,0.001637242148620867,-9.479791e-07,0.013188452,-1.9580777e-06,0.0009887981,172.265625,-212.91263,7280.322,115.021675,1132.966,11.996062,305.18475,13.639576,365.29422,6.283146,279.90494,-0.38623178,169.11739,-18.364262,178.57967,-9.059682,127.391685,-22.541092,157.4642,-7.320001,117.20506,-17.20344,165.91788,-17.529955,108.300446,-16.872396,100.03752,-9.20908,115.38554,-12.015997,85.86465,-7.381447,112.30128,-14.113647,91.48634,-11.138923,123.53778,-11.486303,83.22693,-9.15991,77.023125,ballad
34,19_Yeu Mot Nguoi Vo Tam,0.21468776,0.08787814,0.2614439,0.017962696,1609.7007371638724,815755.8567353738,2019.7817699089624,466347.27906153776,3198.2681605099892,4296423.218114288,0.06201776557662539,0.0030427096801382805,-0.0014230132,0.07183625,-0.0009376321,0.0053604124,143.5546875,-141.41006,8304.234,118.25434,1655.8757,19.569359,523.7324,13.14002,386.65793,12.978407,173.95639,-6.5355954,277.81906,-24.748724,262.6577,0.13402338,226.96237,-8.507107,196.22151,-3.249316,170.42238,-13.797265,141.20454,-14.584595,125.59204,-11.849115,96.5558,2.651671,144.30733,-6.986558,95.297356,-6.625279,140.20618,-2.1034815,127.73179,-4.8945403,152.95523,0.47435692,179.70888,1.6383206,149.83578,ballad
35,40_Mr Siro _ Cánh Đồng Yêu Thương,0.24470377,0.09046698,0.17823116,0.0050284364,1439.8810505845224,661766.7528990456,2073.851292529521,476716.2231775699,2808.928848124879,4469465.683713064,0.04769831323771285,0.0017928256398023553,-0.0006519759,0.031541124,-0.0002170422,0.0016935775,135.99917763157896,-193.47122,5923.709,135.0139,1564.9678,39.603867,404.53192,4.817581,421.96683,18.892538,385.83832,-4.4311824,170.3866,-30.40133,257.67328,12.371963,236.65158,-12.671723,126.54146,-15.537773,159.63478,-3.201636,143.40182,-11.8409605,126.13325,-21.242802,135.35468,4.980311,103.48458,-7.616728,109.854,-6.440444,110.63412,-5.3223763,79.45651,-5.150095,90.76412,-5.4580917,80.62775,-2.6394415,64.678375,ballad
36,80_Giac Mo Khong Em,0.24601169,0.08788462,0.1794504,0.00730206,1757.4747289851791,694031.0959217626,2069.0815074852408,207439.10851839304,3461.3374030996033,2912179.7796075395,0.07854071933049536,0.0031610161651938065,-6.5951676e-06,0.029040692,-0.00013873725,0.0036105325,117.45383522727273,-135.70415,5267.0884,119.59866,1409.8633,6.78182,428.4631,19.23535,460.37704,0.49030343,233.52603,-2.9526567,220.1078,0.17026456,219.48573,-9.976397,286.32748,-5.7511816,190.54564,3.4835896,185.81085,-17.210539,160.40878,1.3576286,126.26289,-8.102271,176.18454,0.78477055,124.133675,-9.419608,184.10739,-0.80520195,184.21368,-1.3699211,132.79892,-1.9018105,162.9791,0.9528994,195.81877,0.6319637,227.0971,ballad
37,82_Đừng là cả thế giới của nhau - Phạm Hồng Phước,0.25027224,0.09154912,0.18906277,0.009072159,1354.3547755953384,843687.2471095995,1905.320162473834,429656.64461816504,2543.2096215593556,3687038.85281226,0.04828504438370743,0.003280482743690661,1.19686465e-05,0.037549295,0.00010578174,0.002452879,143.5546875,-184.5701,10350.329,126.357025,1031.7609,19.763672,506.58063,20.763966,289.01868,13.330846,235.24962,-3.2321815,232.15207,3.8290272,145.7753,-2.500704,128.89629,-12.904248,162.93484,0.9959324,123.58129,-15.595548,110.08048,-2.5376062,94.32845,-15.480697,142.4017,-3.924157,105.97789,-7.7015853,109.38598,-5.7666917,118.73665,-8.643108,105.33371,-4.196255,88.03987,-6.1934404,96.07686,-6.5985007,92.879776,ballad
38,95_Đừng Xin Lỗi Nữa,0.26446772,0.090989016,0.11672152,0.0053541716,1762.9452409822136,898866.278975709,2168.3278261384517,437135.9218925232,3533.9827971561776,4269257.549288335,0.07182647421633127,0.003961667911095635,-2.8176044e-05,0.014029302,-0.00010544895,0.0017394572,129.19921875,-192.01749,8522.77,116.6704,1492.3585,13.413429,535.392,-2.5117967,390.25064,9.923556,195.07326,-3.6717193,241.04228,-15.01805,243.17633,4.632691,162.66171,-12.218619,128.8674,-6.9849873,119.619705,-6.9640956,99.718376,-8.46714,90.03652,-14.681248,84.37833,-5.5366616,84.58784,-4.5254593,109.719765,-6.090035,80.74285,-9.39261,74.6261,-6.264856,98.552605,-12.094509,90.31533,-8.888601,82.084785,ballad
39,27_Mr Siro _ Đã Từng Vô Giá,0.26350498,0.08531831,0.21594314,0.0068449522,1990.110652960155,611757.7055578132,2364.0133107179404,242135.66167630596,4381.398506282653,3231935.150339664,0.07645645377805728,0.002452459154214817,-0.0015759486,0.039880976,-0.0011419432,0.0051024603,143.5546875,-91.736404,6049.8574,108.00077,1105.1293,7.5247836,221.3586,5.8381863,468.06415,7.6418557,234.72665,2.826199,142.53856,-21.739618,286.8657,2.6905286,141.61745,-6.912962,134.78967,-8.204942,286.16153,-1.083061,107.156586,-12.850421,187.6484,-18.228453,173.89728,3.813957,102.10669,-10.081272,104.18494,-5.796879,99.72146,-6.0754995,81.83054,-0.7577834,138.16083,-6.2860837,87.81707,-2.8994253,92.80121,ballad
40,13_Mr Siro _ Vô Hình Trong Tim Em _Lyrics Video_,0.3334149,0.085157365,0.2427615,0.0037664126,2218.982950831777,739671.3136752711,2520.646403521897,314296.0820757315,4889.05376989406,4021170.23808705,0.08827970050067724,0.002631538269872112,-5.670008e-07,0.043278735,3.8495607e-05,0.007177801,71.77734375,-42.760654,5077.8467,105.332756,1403.1901,7.740985,370.3996,14.050373,222.5269,10.121878,189.04541,-1.7791691,147.89183,-7.7509017,125.60773,5.619546,97.278046,-2.8715842,146.77802,-0.3639155,112.20885,-1.1399474,123.36627,-3.5827312,77.87911,-9.21939,88.70301,5.870678,106.71559,-5.3011193,80.22797,1.4266055,83.13581,-3.4899592,68.49655,-0.41541114,62.10061,-4.3225455,61.32035,-1.2542485,74.04053,ballad
41,45_Thả Vào Mưa,0.28837007,0.09178955,0.057382744,0.001453907,1199.6616361021436,461710.52979919413,1584.114738833499,371983.8584454737,2262.436319357101,2476218.0218173577,0.048990822428889316,0.0016017534148829746,-4.506452e-06,0.004089403,7.3758247e-06,0.0001650316,151.99908088235293,-290.126,8032.9707,142.95409,1368.9368,9.130379,397.0883,8.957447,313.15482,5.2603636,151.25342,-1.675638,131.9692,-5.973418,121.98973,-0.64133906,135.613,-13.700371,145.68303,-0.82676595,94.85165,-9.043113,76.81612,-7.6357393,68.23349,-7.181086,93.91561,-1.0462877,72.23051,-6.6980667,90.85176,-4.6171055,74.34919,-7.2880597,68.40582,-4.32287,67.99914,-8.498557,73.17923,-7.183665,111.497536,ballad
42,44_Những Câu Hỏi Khi Say,0.2662668,0.08736475,0.2608918,0.006978714,1396.355374496573,372428.0113374693,1921.2350236310415,366887.39521614555,2585.3968664588574,2897057.1417158875,0.053337168029218264,0.0006582013483760667,5.0560893e-06,0.056122225,-7.9965816e-05,0.005605313,151.99908088235293,-110.8954,3073.0317,147.78053,1393.7273,2.3365812,284.0941,-5.8502307,193.77426,5.4278026,210.71458,-12.184204,150.7774,-6.9704475,137.73207,-16.531378,111.65023,-23.04312,136.2533,0.3566766,140.9082,-19.124662,85.8428,-4.0757704,75.31234,-20.43253,91.45961,-5.294175,91.94109,-12.92374,71.37748,-5.684138,76.69806,-10.941882,104.87639,-0.22295968,80.52628,-11.43872,88.37672,-4.078183,105.884674,ballad
43,30_Chi Co Mot Nguoi De Yeu Tren The Gian,0.23296757,0.088173315,0.21471162,0.009014876,1255.968114474698,601847.1245428537,1863.6379112434659,551194.8896506911,2206.4616578282216,3567116.342848889,0.041395063370743036,0.0009664412994978201,-1.2937944e-05,0.048523225,-0.00027832697,0.0018420928,135.99917763157896,-193.73265,7461.242,134.54434,1370.837,31.520643,406.00974,5.686069,317.3586,15.059434,293.9044,-10.378953,134.69762,-26.728785,152.42537,1.2450716,168.05061,-11.098445,169.85004,-14.965688,129.58064,-16.304184,168.04218,-23.725153,122.70176,-27.047747,133.36465,-3.3025818,102.16578,-11.695996,106.28485,-11.010675,89.4578,-10.049164,75.59648,-8.310185,71.77762,-4.7245665,76.2274,-3.2491112,76.98999,ballad
44,89_Đông Kiếm Em,0.27154854,0.08698569,0.08046294,0.0038934594,1260.648479760883,409741.90781125706,1675.502786241864,274716.62176875235,2433.243619842057,2181405.7088048067,0.050138396744388546,0.001025839952777007,5.998779e-05,0.009100538,0.00010910094,0.00030608068,135.99917763157896,-262.86084,7410.635,136.5673,1329.991,15.625251,425.69214,19.44094,234.63596,-4.9593234,284.24802,3.9401546,156.74956,8.001121,147.01355,-2.6561275,102.252495,-19.52527,201.46446,-0.045751993,121.00217,-13.90066,116.93907,-5.0959363,125.7701,-15.089968,90.66875,-5.340355,94.89949,1.2752745,78.1718,-6.6831613,58.5357,-8.322672,82.30252,-5.2554593,50.55198,-10.82114,76.93513,-8.025554,108.58966,ballad
45,57_Cố Thức Đến Mùa Cây Thay Lá,0.23997115,0.08764443,0.12177676,0.0029125565,1304.2556071651968,280086.94427652814,1817.6976923297798,278548.09476252884,2416.877052141786,1580690.2556595379,0.04757756566853715,0.0006439582795005545,-8.6702613e-07,0.015411851,-2.0021678e-06,0.0006549758,95.703125,-208.44026,5611.7856,141.58011,1088.8398,6.4085503,310.09753,9.130557,304.04623,15.323146,248.81259,-10.6179,182.80974,-7.680796,182.01956,-3.4680052,154.23137,-19.234514,181.95775,7.266896,152.8321,-16.280434,128.4774,-2.2769954,86.24633,-8.849141,150.07162,-5.8361874,117.47873,-2.5231707,106.956726,-4.1227612,100.446365,-13.431737,105.59792,-5.4397473,106.30231,-5.044146,145.52184,-3.0596704,107.765686,ballad
46,24_Lyrics __ Không Thể Yêu Ai Được Nữa - Gin Tuấn Kiệt _ Mr Siro,0.26598558,0.08973727,0.24514374,0.0073811226,1662.180790066615,433510.00055352104,2235.182518051983,194921.61796635302,3615.928134977264,2887357.8734783432,0.05869371160265093,0.0015057940511141936,-0.005819991,0.050355434,-0.0037507669,0.005627472,99.38401442307692,-95.969025,3761.7505,119.48127,874.88226,17.132912,256.421,21.867142,277.09708,14.629023,171.02426,3.6395211,111.78195,-19.074755,232.19669,10.988583,113.65985,-9.339983,135.72134,0.84496665,150.01686,-3.1927376,100.83927,-6.824937,91.9979,-7.79934,120.25196,0.5999782,93.66545,-2.845689,55.9598,-0.35370785,80.59711,-4.5095663,54.474186,1.8322338,61.632893,0.021749254,58.892673,0.889264,57.062622,ballad
47,51__Lyric_ Gọi mưa - Trung Quân Idol,0.33848593,0.08906607,0.19499135,0.010612553,1420.8959022560687,706029.7454838359,1933.7300916415986,365309.354016494,2977.4444958004788,3891764.1823814055,0.04509987845878483,0.001406327544432238,-1.559715e-05,0.03225866,-0.0008254448,0.006781711,103.359375,-160.21983,5717.2007,125.561485,1647.2437,19.74088,504.52536,36.90058,302.22778,9.6331,260.5329,9.355113,211.13136,4.5603566,149.39168,7.3513184,106.40449,-13.099434,153.51642,3.0338955,150.7056,-6.118968,96.226456,-6.5396943,135.9984,-5.739856,99.21571,0.61911976,84.019615,-1.9260826,74.72952,-5.351957,89.03761,-1.2622409,86.42789,0.09835702,74.26662,1.2085911,98.87808,2.5129719,91.55545,ballad
48,10_Mr Siro _ Gương Mặt Lạ Lẫm,0.2104958,0.087005004,0.28724426,0.014032879,1483.094692633433,635251.1505995129,2047.615972433702,494094.54326154536,3082.877191596725,4087872.0020888117,0.048513501052147835,0.0018932559318132574,-0.0014641038,0.084565334,-0.0009129181,0.0034455834,143.5546875,-127.09929,6291.172,128.04117,1142.0718,19.601849,351.68793,6.400357,308.96152,11.684012,207.0704,-1.1309764,116.75446,-22.752138,201.44698,2.4782376,145.63428,-9.495713,124.11245,-12.320322,113.93004,-8.176674,98.15055,-14.941453,76.61686,-21.715477,91.36993,-1.435323,116.096535,-6.6269803,81.40788,-6.4585557,78.93637,-5.0519557,65.93193,-4.927874,70.37095,-4.844298,89.97747,-3.347744,78.02762,ballad
49,61_Em Đã Thương Người Ta Hơn Anh _ Noo Phước Thịnh x Vương Anh Tú _ Lyrics Video _,0.26912117,0.09057576,0.13580398,0.0052328226,1526.1122761367244,886047.5388697522,1954.8202221122567,558389.5123001806,3174.4433045756336,5089284.194858254,0.056596785506965945,0.002940109009554386,2.8969148e-06,0.017400177,7.4410746e-06,0.0021131493,129.19921875,-198.48756,9947.386,120.820496,1461.703,23.010618,469.33795,22.282654,315.6303,1.092111,263.31616,-9.755893,193.53856,-9.978106,124.78853,-2.9173014,147.72998,-23.258049,176.27252,-3.390893,150.89844,-17.842396,112.5315,-7.0184693,104.214714,-11.670878,86.018166,-7.248398,77.9456,-8.17438,71.20597,-8.432197,78.95537,-5.3163714,66.24219,-7.9259686,75.150795,-6.4035306,90.620514,-6.4048624,97.937775,ballad
50,91_Bước Qua Mùa Cô Đơn,0.31532896,0.094169624,0.055255514,0.0013929408,1616.8204170220142,765559.3804807941,1855.6150655221727,411134.6830970043,3171.1516578131045,3298340.5857723746,0.06961390256143576,0.004178002670474853,-4.8562026e-07,0.0036863333,-1.912714e-06,0.0002688754,135.99917763157896,-270.1226,10912.911,125.9232,2048.3516,-8.048614,316.63452,7.721716,242.15746,0.31583786,189.93413,-4.424983,118.67642,-5.4691105,118.23621,-13.300061,95.18246,-11.332318,104.1883,0.98827446,83.29211,-9.522658,84.548096,-0.46319717,90.847824,-16.926561,106.919525,-9.557446,85.06493,-8.609279,76.0238,-8.278387,53.001858,-9.512101,66.94457,-8.697702,67.589386,-11.01769,70.96696,-8.056948,73.46491,ballad
51,67_Giá Như Mình Đã Bao Dung - Hồ Ngọc Hà _Official Audio_,0.3010456,0.08718003,0.10974529,0.003434472,1709.2703115940742,498876.26917756425,2139.047190801316,308505.2893412626,3623.994752866196,3276132.520341037,0.06862808085816563,0.0016412490901334662,-7.088489e-07,0.008424835,-1.6025086e-05,0.0032111707,69.83741554054055,-164.43735,9821.765,121.12775,956.00543,6.8079643,392.29,16.732668,209.66783,9.478115,118.80498,11.444976,115.56695,-3.0243864,89.352806,-0.045092605,92.25067,-8.720708,75.322174,5.0052166,98.24502,-11.14062,57.98261,-2.6719172,61.682343,-3.5795763,54.020355,-3.3288696,83.11409,-3.142367,74.72544,-2.254458,85.12258,-5.8254304,60.56554,-4.8810034,83.121956,-5.8648996,79.93546,-0.31545082,79.86954,ballad
52,62_Những kẻ mộng mơ _Live_,0.2865737,0.09560025,0.16189283,0.006455837,2271.8563858610282,782496.2501307195,2517.79319572378,180221.785581726,5067.823522231158,3082132.1820733333,0.0932913859931308,0.005266405799893893,1.6535833e-07,0.021277452,2.3109305e-05,0.0040405504,135.99917763157896,-115.49721,9425.058,87.684746,950.9793,13.154987,224.79918,23.105259,273.0593,5.4032125,234.89984,3.653111,163.148,-8.992277,153.41673,0.9337124,156.21638,-14.747107,145.61273,5.1078744,119.145195,-7.880604,122.94246,-4.4959264,117.482994,-5.265817,98.04736,1.4452524,93.7427,-3.116096,74.535774,-1.1342543,57.39773,-6.895222,59.773964,-3.7520695,68.424904,-6.4853773,85.06765,-0.765407,113.89534,ballad
53,14_Khong Muon Yeu Lai Cang Say Dam,0.24650282,0.08968853,0.25185537,0.01540645,1634.7066798982705,660593.2488193215,2168.267823492645,518708.184405877,3632.128037018673,4883531.49639442,0.0547498578995743,0.0018403707141142831,-0.009066497,0.06325452,-0.0019714732,0.005842135,143.5546875,-123.33813,8125.906,123.410034,1189.3369,18.008242,365.26532,4.5104227,505.09616,16.957798,202.31366,-4.9371,123.39176,-18.563187,202.79555,6.022582,185.82275,-13.564257,123.1495,-2.773663,110.934166,-8.614109,93.86204,-15.55577,115.74064,-16.773209,106.005974,-0.64179343,69.48254,-4.8175,86.39011,-3.8917992,83.049576,-7.0318365,68.70761,-4.5448256,77.45166,-5.7286797,68.89571,-6.5915594,67.7495,ballad
54,11_Mr Siro _ Em Gái Mưa,0.24714532,0.0907932,0.18194082,0.0061679743,1469.229533155366,660034.8201945531,2081.6466846456674,424189.8617435684,2921.2781687639076,4485865.633570401,0.049789192506772446,0.0018742096864985994,-6.238618e-06,0.032934442,-0.00016941871,0.0021657122,143.5546875,-188.10295,5245.483,134.37804,1560.1439,33.322254,326.7902,-3.823011,364.81924,15.014385,330.50745,-4.593013,185.19885,-36.427433,226.92502,7.694357,199.71185,-16.96107,133.00719,-20.665789,140.307,-5.8615603,126.05783,-16.619925,119.90804,-26.018158,115.82945,0.46494505,124.24057,-10.847957,108.27336,-9.676207,103.4554,-7.9025517,81.90417,-7.98257,87.05595,-5.6823945,65.849556,-8.684323,86.247604,ballad
55,48_Trung Quân _ Anh Vẫn Vậy_ Em Đổi Thay,0.23684081,0.088885315,0.08486674,0.0015228811,1135.588963289676,518700.28330364334,1611.883616251446,380653.2706312538,1918.125901355094,2413770.479109108,0.044459292763157895,0.0012791530305484187,1.3176744e-07,0.007443027,-2.9512546e-06,0.00042794851,143.5546875,-274.7602,3684.963,151.76262,1362.4639,20.998575,404.2067,5.6316385,213.48749,-0.34818536,300.52518,-7.0978007,218.88373,-3.2953851,195.66672,-9.865214,166.50108,-22.401127,185.2435,3.741347,202.76944,-17.169312,152.42696,-3.0036497,98.52865,-13.579575,95.388954,-6.5346317,92.998436,-9.769317,70.6346,-15.660646,97.66016,-16.709032,87.67002,-4.8118076,104.90499,-15.231775,75.28264,-8.381868,139.01247,ballad
56,17_Tìm Được Nhau Khó Thế Nào - Anh Tú x Bùi Công Nam _ Lyric Video _ OST CHÌA KHÓA TRĂM TỶ,0.23915319,0.08839656,0.10547093,0.0018549826,1457.7119329059576,428847.0107578949,1893.2468160351589,210963.85107029125,2800.9538963483215,2334274.7010677583,0.05734016725522446,0.0014021716143030995,3.8856876e-07,0.010439518,-1.3836551e-06,0.00080385985,161.4990234375,-210.12708,3548.1711,133.996,1281.2212,12.703796,368.98004,12.650461,283.1777,-2.3353121,323.52512,-0.3494798,181.43262,-10.870858,263.76648,-0.78719074,170.39336,-22.01902,260.03284,14.1185465,193.55907,-8.927809,125.541725,-11.3554535,136.00505,-2.717525,138.20047,-8.568243,168.31712,-4.7806334,148.48483,-5.0633845,128.59995,-8.866001,100.52104,-0.16612436,103.28683,-7.349608,109.097824,-7.8043957,152.01323,ballad
57,73_BÍCH PHƯƠNG - Chỉ Là Em Giấu Đi _Lyric Video_ OFFICIAL,0.22213559,0.091238104,0.2273648,0.012644366,1453.0170103984997,549771.3034982439,1846.1458981813698,217689.2128753592,2676.750480722717,2576742.213601612,0.06039438159104102,0.0024954780861184737,0.00061917474,0.052386865,0.0012587637,0.003177483,161.4990234375,-128.3678,3980.639,134.63719,1092.9219,3.910175,224.19759,11.144668,260.64343,-5.522371,131.38264,-0.89722115,153.35439,-9.73299,93.48433,-7.2650194,108.22511,-9.152475,84.67699,1.6879935,102.71689,-14.973977,99.61928,-3.9968557,57.33846,-7.810601,50.14886,-0.19925919,69.34029,-7.4185143,78.927025,2.240686,162.59764,-1.4481363,117.12636,6.330133,102.02699,0.38649872,152.62756,1.7852889,120.17369,ballad
58,84__LYRIC_ Sau Chia Tay - Phạm Hồng Phước __ Video Lyric HD,0.24413972,0.08696884,0.1307844,0.0053481213,1604.0894423216491,647035.879706794,2069.5281986988093,327142.52307149017,3100.652084114382,3365480.97518131,0.061588251922890865,0.002626761699073569,-3.0801064e-05,0.018453399,-6.303206e-05,0.0015150704,112.34714673913044,-188.7056,6568.9883,125.8635,1278.1128,4.506785,291.02057,6.920351,264.19162,10.943096,227.81952,-13.172081,176.91823,-9.010006,151.59068,-3.9527,120.02474,-16.110907,158.93782,0.11573315,162.67677,-17.344698,132.18893,-0.5219596,106.994316,-13.065158,138.29337,-1.5440726,94.849205,-2.036719,89.379135,-3.4840307,97.27004,-8.388894,91.17136,-5.71382,94.71116,-8.386063,78.21212,-7.4282384,79.87625,ballad
59,49_Tốt Cho Cả Hai,0.28668955,0.08874457,0.066005,0.0010222321,1423.6119538879161,917996.6261881053,1935.1207166496301,469177.7941965458,2799.099740893479,4737691.852366725,0.04870095267753483,0.002714798335862903,-1.8556607e-07,0.0042349612,-2.4577012e-06,0.0003634792,60.09265988372093,-277.66098,9817.54,121.31237,1659.7195,23.238457,544.1601,22.494373,345.76837,6.7884736,333.74606,0.88221616,272.863,-4.9562626,220.2583,-5.417977,138.97008,-10.662029,134.41891,0.07967544,152.24976,-16.396584,99.6437,-11.193171,118.78628,-17.305418,96.06435,-5.9526725,133.50336,-13.233364,121.53708,-13.336139,117.12863,-12.286564,87.54291,-4.5829105,94.30675,-8.397756,97.58645,-4.1795573,112.02007,ballad
60,77_Em Khong La Duy Nhat,0.24383403,0.08821353,0.18479064,0.009252315,1773.4038430493338,821116.2088432497,2182.138563088416,316864.66970002523,3559.1368117199595,3922483.790396998,0.07018400493421052,0.0037882932432509414,-9.0430585e-06,0.034011845,-0.00022741349,0.0031170612,143.5546875,-142.55623,6958.8096,119.066635,1528.0026,8.82193,399.79074,13.214875,323.3885,11.882122,189.36938,-3.990169,238.82713,-4.0734763,168.83969,-4.751075,182.35298,-11.024066,171.50098,2.1510384,173.38742,-20.086979,157.083,0.112490624,138.21753,-14.30042,144.68976,2.4430976,109.1137,-3.8458705,149.5304,-1.7127311,201.73106,-2.0812347,138.99207,-3.605973,176.05008,-4.7750773,110.08342,-0.55761254,88.67755,ballad
61,29_Yeu Nguoi Khong The Yeu,0.25764284,0.088921405,0.20019177,0.008748522,1801.2785385548354,568332.5008317279,2318.8978207020477,388005.9031974194,4088.7086094717492,4578370.366663004,0.06454307154605263,0.00171375425199509,-0.0036778175,0.036945935,-0.001198817,0.0045501455,129.19921875,-124.94155,6572.11,120.15274,1063.5881,9.924848,259.86725,-0.4368718,361.614,18.205559,251.35251,-11.605763,162.05968,-22.075531,246.1749,8.458468,156.95074,-14.514878,148.06445,-4.573575,205.02951,-8.60333,123.50882,-12.20141,100.99324,-17.59146,142.12437,-0.35787162,105.343094,-7.6699357,72.32904,-4.0469832,72.84305,-7.792239,78.548485,-2.5649898,77.59074,-3.4027894,72.678566,-8.418968,78.34047,ballad
62,87_Bông Hoa Đẹp Nhất,0.2836225,0.09001933,0.10803534,0.0075141876,1885.4460345955015,536788.3959927703,2238.4442078534876,204689.33132217062,3875.272400091307,2569673.5686541004,0.07593888321159056,0.0027428716562170525,-3.192927e-06,0.012643867,-0.000109730114,0.0031942965,117.45383522727273,-181.43666,8890.83,111.04257,1068.7246,-0.2510892,417.50613,16.441694,235.13121,2.8527925,231.85788,-7.1907616,142.35912,-0.29852164,154.0702,-4.977977,105.12449,-10.840735,179.52812,2.3536673,121.38794,-7.792939,110.98165,0.24941838,100.31736,-4.611143,88.2573,-8.008696,92.25777,-7.58339,73.56606,-3.263183,83.77091,-9.583578,100.201866,-3.1801403,85.13228,-7.7316594,91.764206,-7.608706,102.027466,ballad
63,9_Lắng Nghe Nước Mắt - Mr. Siro _Lyrics Video_,0.21818821,0.08729367,0.17383003,0.0058650495,1540.4183164840524,882743.1500039819,2068.9290723825197,387895.93133695965,3039.5899533487327,4827965.496660338,0.062870557094137,0.003896319718117189,0.00082323636,0.032088052,0.0005857618,0.001372832,161.4990234375,-188.31093,5352.0107,124.32659,1388.2139,23.044546,523.6132,9.843733,411.23727,14.786427,244.576,0.233459,197.56027,-8.990408,404.31082,-0.40558872,127.268845,-13.06142,185.72266,0.9898979,164.78256,-6.006913,140.29115,-1.6292573,205.31195,-7.5964127,199.3689,6.3119936,140.99753,-7.314891,145.94357,1.0241605,108.87055,-6.131783,94.14986,-4.3788214,106.13536,-7.246902,146.15698,-6.5832934,162.9502,ballad
64,28_Mr Siro _ Sống Trong Nỗi Nhớ _Lyric_,0.26283503,0.091563895,0.21243908,0.012570372,1616.6303548440421,822533.8575184204,2098.7121327376844,475087.962769341,3362.308835245138,4839611.286009894,0.056447126547987614,0.002601178825855104,-0.0010501144,0.04838185,-0.0015745716,0.0034129312,143.5546875,-148.88028,6984.012,125.58463,1567.9155,16.89029,277.8821,3.2333395,345.04907,15.452973,402.0932,-7.949958,147.3922,-25.16787,185.24638,11.968536,169.78575,-7.8252363,125.093445,-6.39879,135.7622,-3.5299168,135.34996,-15.274722,130.28293,-20.39085,135.92226,0.0058667446,118.65239,-7.4463315,108.96381,-6.006115,118.64463,-7.1826005,92.050156,-5.3130918,91.16331,-3.8269508,72.55644,-3.9858422,98.65786,ballad
65,8_Buc Tranh Tu Nuoc Mat,0.2467885,0.08821926,0.19780934,0.0093018105,1876.0824218565149,888398.3377653571,2329.3501534247534,287475.08161509014,4101.37936618675,4319146.482332295,0.06993986430921052,0.0038204147952842628,-4.113589e-05,0.039859578,0.00012497131,0.0032045997,161.4990234375,-135.3708,5371.236,107.83383,1404.1709,21.269442,379.4284,13.34121,516.80145,6.734326,259.9843,4.618437,130.1297,-15.537924,260.15387,5.17602,176.59756,-7.715964,129.00508,-2.55127,161.2605,-8.012509,168.22801,-6.404607,162.19563,-12.832744,163.96521,2.1036527,97.13243,-5.0452385,98.505615,-2.254893,111.98605,-3.655262,86.21655,-1.1747867,99.091644,-1.7731785,95.909386,-3.8024366,96.8816,ballad
66,93_Suýt Nữa Thì,0.2549142,0.085533746,0.1501972,0.006516155,1447.6167503623826,442770.3596882473,1940.1585822537395,269138.68803241575,2646.8006618251743,2485386.0853854143,0.0576625386996904,0.00112497324074185,2.0431028e-06,0.024373861,2.6236603e-06,0.0012183054,129.19921875,-168.94472,5088.104,133.60817,865.0402,-0.118659146,286.61624,0.6122634,210.04126,10.6131315,213.95581,-5.3848786,143.15996,-6.5386043,138.83752,-4.9854302,104.60251,-19.825748,144.06935,0.68242234,120.55273,-17.412798,76.85642,-9.415279,87.19091,-12.551912,101.571945,-11.402991,63.006157,-5.379868,104.480835,-13.288892,78.72173,-10.113406,75.589096,-5.805627,94.772896,-11.943117,93.91954,-3.107535,100.98552,ballad
67,78_Bảo Anh - Khoảnh Khắc Ấy _Official Audio_,0.2187384,0.087358125,0.20114814,0.0044647814,1959.9027863016997,751709.0323976701,2211.515880401619,249585.21240815913,3948.0552933164427,3438008.4676343435,0.08290992949400154,0.003370572738182685,-3.3109382e-06,0.034725536,-3.899183e-05,0.003738516,107.666015625,-112.35493,3471.592,102.67357,1434.7417,5.092927,516.17554,16.381002,430.69635,-5.3055415,203.77196,-7.709444,204.1034,-3.719698,177.11208,-7.5364127,193.7694,-7.4642634,149.98305,1.4093611,159.31015,-19.284325,184.9411,-8.247277,142.46526,-9.759161,119.421684,-0.87901217,145.67122,-9.3713875,239.06941,0.16744862,208.31274,-1.7289274,144.74918,0.6218718,185.04025,3.89934,237.03824,4.0608053,193.82324,ballad
68,94_Rồi Em Sẽ Gặp Một Chàng Trai Khác - HippoHappy _ The Masked Singer Vietnam 2023 _Audio Lyric_,0.29529926,0.08871676,0.08306937,0.0024890113,1350.3218729999742,623244.2088151369,1875.501263832082,323144.68152548623,2703.504485611576,3167954.8677652283,0.050380458772736066,0.0022693704562161987,-1.9294416e-06,0.006477334,2.2695524e-05,0.0013056374,129.19921875,-238.99187,5552.3276,134.75984,1421.56,22.381283,430.59103,24.891235,320.94888,4.583506,269.8873,6.4171033,203.7323,0.24240406,151.58443,-1.0427389,170.80927,-4.685366,178.80954,-0.45546567,112.15128,-7.3824997,82.12676,-4.4637227,101.49004,-6.1334305,101.07311,2.4250984,97.87167,-8.920826,106.04777,1.2283239,78.91218,-1.1805725,104.188675,0.64849,119.2308,1.7155077,98.814545,-4.118076,132.53078,ballad
69,22_Bảo Anh _ Sống Xa Anh Chẳng Dễ Dàng,0.24775106,0.09117237,0.26132917,0.015074978,1783.5298750517377,1115082.7989505262,2139.8866078544193,333982.89763441164,3454.112446787926,4343736.604545881,0.07670210610971362,0.005463789023043255,-0.009649545,0.05880094,-0.0036800094,0.0098148985,117.45383522727273,-110.760376,7046.6533,113.4418,1405.9496,12.823676,454.8159,19.168482,417.1904,8.067682,244.77344,-5.0319853,219.32594,-16.193022,273.19354,-2.3160372,201.93805,-3.260071,189.58008,-1.1152382,162.13087,-12.229906,92.97875,-10.530196,135.96019,-10.677628,103.322395,1.5645361,112.3505,-2.9369204,132.76825,-1.3843577,107.52622,-3.5058,106.95534,-2.1953337,116.55186,-0.43369967,127.61095,3.026511,102.046684,ballad
70,42_BUỒN KHÔNG THỂ BUÔNG _ Trung Quân x RIN9 _ OFFICIAL MUSIC VIDEO _ EP _Bướm mặt trăng_,0.23924316,0.09088168,0.13788068,0.005411697,1300.5983370418228,305351.8284011496,1860.3280330383977,253022.64253303982,2477.7933504559305,2149484.6106843334,0.04407154000580495,0.0004441051026148599,-2.3970128e-06,0.019016245,3.2108237e-05,0.0019940515,89.10290948275862,-198.22578,5023.3,135.08217,797.86865,11.125266,327.9762,17.72227,396.5141,4.6279206,208.48405,-4.405706,175.6978,-2.8793848,146.634,-5.8456817,119.222435,-8.957653,127.946815,5.502251,102.64879,-11.877341,92.209145,-5.275223,98.96792,-10.011519,78.7618,1.1389477,69.46092,-11.08045,89.58927,-3.7824404,82.12877,-9.017377,69.50066,0.223979,107.25669,-4.9247556,119.81458,-3.9991798,102.822586,ballad
71,98_Phía Sau Một Cô Gái - Soobin Hoàng Sơn _Official Music Video 4K_,0.26342055,0.084180824,0.19653475,0.010221725,1087.2910926850916,425587.2537488035,1558.2593702497593,447254.86471745704,2099.274805972451,2487874.1819442697,0.041135049825851394,0.0006455793307060619,-9.074636e-05,0.036300745,-0.00029708783,0.003989146,95.703125,-191.97957,12656.147,130.75513,1116.341,26.88748,787.4678,34.771835,340.033,9.0497675,342.0308,2.363903,218.40877,-6.9813385,135.7093,0.6475291,172.29703,-19.432892,189.02924,-5.6224437,163.0244,-7.7194295,99.00894,-14.893789,157.46188,-14.425252,124.82945,-8.599278,94.4548,-9.128713,71.10779,-10.186629,99.62841,-9.824157,94.45451,-7.4922237,108.224,-4.3229947,86.120804,-4.895376,98.979256,ballad
72,69_Nơi Tình Yêu Bắt Đầu,0.23419183,0.09192015,0.15135646,0.005381112,1703.509678904481,420411.0966373398,2086.9522812807245,194142.10588577046,3527.357837216404,2340187.114981092,0.06465607161861456,0.001951800006126023,-6.021731e-06,0.024052536,-6.826739e-05,0.0013670147,123.046875,-165.77896,3531.7942,111.1815,1152.6653,3.991358,382.92874,19.047976,238.13148,-2.6088016,328.7888,6.268382,147.97623,-3.811577,140.927,-0.43489146,138.03978,-19.767572,176.80583,6.9815555,208.5978,-8.192895,126.51633,-8.274768,129.98265,-8.386249,108.12111,-7.7537217,116.909935,-6.1548715,84.96465,-6.421804,88.05922,-12.403042,115.8119,-11.932807,155.53758,-11.0500965,138.32104,-5.1615496,174.19669,ballad
73,99_NẾU NGÀY ẤY _ SOOBIN HOÀNG SƠN _Official Lyric Video_,0.22905833,0.09117507,0.15248047,0.0061116875,1412.630968301017,466718.50391342986,1936.2922034356495,223323.42511565913,2585.417699666215,2357653.5609856183,0.050504985608552634,0.0017568231750742821,7.5979174e-06,0.02486399,-2.3114992e-05,0.0013912793,129.19921875,-199.73593,6166.348,127.11847,1088.5325,4.646252,246.78667,5.7651186,288.83902,9.549448,200.80095,-4.065867,178.8726,-6.786318,146.47711,-5.7071476,106.00986,-18.079685,163.8444,8.19231,172.51991,-7.263389,109.531334,-9.275478,120.32337,-9.1290245,107.043465,-5.1476665,90.832275,-6.472763,107.3126,-1.0785562,98.59503,-11.917282,94.52532,-5.653443,76.62937,-6.9236197,90.40418,-5.628432,88.73297,ballad
74,63_Định Mệnh,0.2555729,0.09015527,0.11485158,0.0034132365,1521.9051872742778,699064.8330764434,1987.0309179941823,285398.82344109565,3027.15669519761,3735448.0470851627,0.05940591440112229,0.002722404973983335,1.2867098e-06,0.0124043245,-1.549755e-06,0.0013048315,135.99917763157896,-200.10994,7892.7603,124.64635,1172.163,23.494747,620.01373,15.503498,202.83507,-7.244169,248.80464,4.614619,178.09573,-16.64963,155.8211,-1.7179998,111.55626,-18.164347,142.54683,-1.881762,102.88821,-16.90113,77.12064,-4.786865,83.63927,-8.330055,82.8416,-7.803076,80.15472,-5.6867085,83.38701,-6.298761,79.60531,-12.752457,85.62698,-8.308863,88.94509,-5.0554056,78.03401,-8.772132,95.11205,ballad
75,38_Trung Quân _ Gặp Em Lúc Tan Vỡ,0.26398876,0.094409466,0.06634061,0.0016221845,1356.0259694513975,513425.03626109654,1958.969476347563,347233.37391919823,2696.6836935226393,3174266.0603454118,0.03945308720733359,0.0010352719272977168,1.2319854e-06,0.005162701,-4.417993e-06,0.00025279992,60.09265988372093,-285.74677,5726.001,123.27051,1162.784,13.51696,300.85666,27.25942,425.262,16.984299,238.75124,-2.3701475,184.47314,-1.5053204,145.09775,1.3262557,151.83942,-11.099113,143.00946,-4.655248,193.09164,-15.197175,91.40372,-6.5021873,97.18223,-15.298728,72.72293,-7.106613,80.17612,-11.825371,77.696754,-10.4751,105.59951,-13.508998,84.09815,-5.6235127,80.74107,-8.1788845,97.44898,-4.2454195,111.00634,ballad
76,81_Cám Ơn Người Đã Rời Xa Tôi,0.27506763,0.08991444,0.07621824,0.0025332721,1364.0666202393732,579835.7710405177,1847.3922433718303,482452.52017813385,2699.22951146176,3868633.5186459473,0.05429880242598684,0.0019784615430795778,-2.4149819e-07,0.0069588544,-5.67841e-06,0.0003646439,129.19921875,-252.77385,5555.163,141.37282,1170.4017,6.002494,560.3306,13.307832,318.5416,9.154922,199.61995,-5.3498955,152.09378,-0.77554953,117.36714,-8.861182,116.27278,-13.220732,134.66377,1.5237465,120.07104,-12.944964,132.63173,-4.5435634,82.57366,-13.195679,108.29235,-4.604455,80.40896,-5.180488,66.34383,-1.9984754,69.866196,-4.5540085,82.52617,-2.8917527,78.770325,-8.577355,72.07703,-6.5391307,57.410908,ballad
77,66_Cả một trời thương nhớ _Live_,0.24355377,0.09141907,0.12835018,0.003969475,1742.3308738870942,720077.8038021357,2122.5117134363245,282258.0620497282,3706.6609196618615,3719236.0490520014,0.06391420157701239,0.0034184384091659192,5.556528e-07,0.016648155,-5.1693787e-06,0.0012896542,123.046875,-175.80708,5906.197,115.25546,1215.6581,3.9313512,420.8268,18.521572,200.25125,3.0020893,143.80086,6.069636,120.5946,-10.899923,109.76877,1.9526364,104.66952,-13.945092,92.41001,4.292954,96.30575,-14.210222,75.03781,-5.1725826,73.88046,-6.499079,96.38049,-9.8598795,92.88749,-2.7283697,101.96926,-7.827753,118.466934,-4.888121,101.87898,-4.14769,91.74334,-6.4468455,93.73009,-2.2148323,103.86917,ballad
78,65_TOI LOI,0.26284626,0.09649477,0.17831008,0.0062635094,1915.2691328033477,924634.4960152346,2322.558749170391,325931.944117094,4368.877748660628,4683633.145983655,0.06345879994678792,0.004192051372706646,0.0006775763,0.030914016,0.0007394959,0.0023409673,172.265625,-154.75505,6509.046,96.925804,1418.5684,16.91138,395.43866,22.63535,430.54596,0.11319319,321.56146,5.881374,168.29268,-17.333113,198.0614,-1.1850815,188.17134,-19.00885,191.17332,-1.0997773,139.64644,-12.299937,103.1573,-8.071426,95.60878,-6.9913816,88.589,-7.081131,127.3373,-5.2903743,127.51016,-7.678469,153.62117,-7.635795,128.00099,-8.5547695,109.87661,-12.249952,111.279785,-3.0118697,110.09735,ballad
79,34_Dau Mua,0.24734737,0.09017181,0.084965445,0.003385958,1375.204692575089,454323.5927566933,1712.1589424974557,313004.061574486,2633.1715775717153,2351003.0566756576,0.05489649344523994,0.0015549348429865055,5.220449e-07,0.008702754,2.161584e-06,0.0006635897,172.265625,-250.78406,9799.793,122.457985,1271.5809,1.3602087,489.8317,16.500109,255.73549,-0.7843127,310.7484,-4.046799,166.09854,-3.1850367,172.79884,-4.3578143,139.9289,-17.770895,201.40959,0.7797249,157.04066,-10.176377,108.95162,-5.0718045,114.338486,-11.512243,106.77905,-5.5514956,92.64544,-5.305527,89.52497,-11.970184,83.88777,-13.06606,108.98462,-3.6184967,112.35539,-12.364867,134.49239,-8.693728,129.08218,ballad
80,26_Cung Bậc Sầu,0.28812566,0.0873545,0.27587518,0.008003151,1635.9149446230833,626973.1970734727,2200.355029647056,463725.8383893278,3676.5652683128146,4781006.520178706,0.056173507643188854,0.0014168026965386761,-0.010167043,0.061366282,-0.0050121527,0.008007586,107.666015625,-90.9042,5213.6494,129.86385,1449.6328,18.539429,421.2291,12.555516,625.11224,20.018171,206.05022,1.8422515,149.22711,-14.205616,240.10487,8.370383,119.99902,-8.137475,111.407715,-0.9009475,185.23813,-5.461877,98.90816,-9.388096,141.66417,-11.926156,128.81212,3.6757782,82.01403,-4.7210813,75.69267,-1.832309,91.0116,-4.603762,68.31451,1.4226438,69.33993,-1.7122738,62.864758,-2.5510159,76.42645,ballad
81,64_Gửi người yêu cũ,0.2523315,0.094009295,0.09970591,0.0034810537,1557.771071502398,727298.3576592178,2103.757827659789,333463.07155618217,3243.1928888563034,4315355.47026323,0.055838475655476005,0.003282989815856886,-1.4168839e-07,0.010639332,7.3187057e-06,0.000791843,161.4990234375,-227.61673,7362.733,120.729004,1096.0199,25.411886,455.69315,22.505966,253.71532,7.3140903,172.45367,-0.20768403,151.90558,-11.769168,103.91544,-0.68815655,119.905136,-15.929347,107.9079,1.5932056,153.03352,-16.75032,101.26488,-6.1171036,68.519196,-8.726577,82.310905,-7.579692,97.6911,0.3211352,115.014114,-6.998225,250.12575,-1.8967521,118.64551,-6.1440225,106.915825,-10.298358,93.73273,-2.6409025,66.76434,ballad
82,68_Hẹn Một Mai,0.23763047,0.088418745,0.07390786,0.0016240723,1555.6190171553933,493673.2198958861,1919.2539385722064,155016.75892418117,2967.7487210961685,1854996.7327759184,0.06421049608165634,0.0026442862493733683,-5.238311e-07,0.0059723957,-1.3318801e-06,0.0003072647,129.19921875,-234.8779,6659.299,120.9305,1139.8333,3.5220096,303.0595,22.341894,205.10974,-1.833832,177.91554,-0.57815456,144.97519,-6.9588704,104.36655,-7.701563,81.70771,-18.697626,100.160065,1.0307583,134.49173,-10.606895,81.36921,-10.710843,70.014656,-10.526547,77.4564,-0.8252178,75.72754,-7.6484966,70.96886,-5.3845315,66.8481,-8.223755,92.953415,-2.6644466,102.27069,-4.566363,102.39999,-1.8058611,124.53701,ballad
83,71_Xin Em,0.32012156,0.09168586,0.11858087,0.004756238,1325.4004829335283,536760.4039892864,1775.848609907146,214180.57150379266,2371.148161991462,2763741.1149805333,0.06133182868130805,0.003340780743442754,-0.022479296,0.01435845,-0.0039861808,0.00075847685,129.19921875,-237.04881,14617.584,124.687645,1512.6074,18.894058,1106.4937,30.338892,517.5791,-4.461636,183.6582,8.361348,491.54703,-6.2700357,141.7481,3.5503633,185.2096,-5.2399526,97.56647,-2.1398435,125.157776,-9.189255,127.98614,0.4590918,104.16262,-7.662989,100.38043,-6.0777526,130.94003,-2.494892,138.26047,1.7413394,96.472435,-4.5024652,83.56531,-3.9786727,71.280975,-8.323121,106.69633,1.1636828,102.77358,ballad
84,74_Vẫn,0.2784664,0.08898284,0.108261436,0.0016524725,1725.514100798772,770659.4996445533,1999.3926155473316,277889.38618406217,3556.249329180171,3112528.374052327,0.07333534642269737,0.004572646808032786,-7.954014e-06,0.011054351,1.0190536e-05,0.0007147289,151.99908088235293,-183.57738,3011.617,118.20461,1701.2856,-0.19965544,565.3224,35.499905,371.1408,3.0818832,276.49658,2.933166,196.82568,-2.1911402,205.87984,-2.545115,159.30217,-6.400526,173.22768,6.630474,164.51822,-10.611745,152.31117,-0.7772277,132.84738,-4.3371353,134.87468,-0.031318642,87.57454,-8.2562275,116.75873,-7.173461,188.01933,-6.60474,114.744896,-2.0374105,116.34445,-9.059766,94.99349,-1.584631,176.82477,ballad
85,54_Em Có Còn Dùng Số Này Không,0.24959224,0.088008694,0.088987835,0.0034431769,1353.5578455185903,664406.843857131,1771.7854908844738,414325.48553598963,2307.973543999734,2657515.1545132287,0.059022885727070436,0.0029529542640912934,-9.1500745e-08,0.009288535,3.293187e-06,0.0007233671,123.046875,-252.92546,8812.162,139.35759,1788.4008,6.247596,474.6485,-3.0336437,244.16612,14.932411,299.5146,-9.226131,223.21715,-9.43968,191.20267,-5.0631003,138.4606,-15.94749,160.87166,0.8560945,122.19754,-12.97376,127.91646,-5.816372,87.70652,-9.724292,92.86027,-5.454489,100.64626,-6.8794956,96.05587,2.5726688,69.443924,-11.673468,70.86647,-5.2456574,80.46422,-6.299854,80.34648,-2.8697078,56.1458,ballad
86,20_Co Don Khong Muon Ve Nha,0.28878346,0.09163777,0.2145722,0.008034245,1951.335281707681,830008.8331336919,2432.045879879359,418554.8114638146,4441.439809887771,5625986.109268779,0.06752207847571594,0.0025871806465138807,-5.7726243e-06,0.039260633,-8.037209e-05,0.0056050266,95.703125,-115.50839,5764.472,117.98753,1647.0059,16.142998,612.6017,-7.5453415,579.2589,18.201332,343.14243,-2.9816513,293.03247,-14.577587,301.742,11.283545,191.06422,-12.121084,169.19304,-4.261769,223.14476,-1.9421244,140.54396,-9.278748,140.57127,-13.319853,150.65524,6.8710785,94.16927,-6.687137,132.05632,2.68384,102.48063,-2.2596257,72.258415,2.8528547,121.21239,-2.6349092,81.54553,-2.1984887,74.13361,ballad
87,16_Mr Siro _ Tình Yêu Chấp Vá,0.26092485,0.090566225,0.25207657,0.008871531,1721.4829486547053,802426.7944279257,2255.13309846969,552465.6070304317,3896.2764397494193,5563334.518351157,0.05930444109181501,0.002267401550757806,-0.001825402,0.05644412,-0.0024502114,0.0051358845,172.265625,-111.09832,5879.2153,122.58139,1561.3872,19.679773,343.06964,11.741277,458.8125,14.950379,246.47891,-2.8944118,144.77818,-16.348074,215.54439,5.0056,165.15096,-10.247762,200.60277,-5.277874,176.88298,-6.709995,80.54547,-7.243269,139.006,-14.437596,170.28246,2.9321914,96.27177,-7.6752853,110.88719,-1.6833302,100.79718,-4.282409,85.09066,-0.35420913,87.31394,-2.7005043,78.45022,-0.7261249,84.68606,ballad
88,86_Tháng 4 Là Lời Nói Dối Của Em _ Hà Anh Tuấn __ Lyrics,0.27212802,0.09340055,0.11876394,0.0049882215,1671.6533455598023,788804.1814092201,2093.295564354252,428668.0985415229,3571.903401188806,4524822.056971901,0.05883751269833591,0.002938774901504119,2.905007e-06,0.015879123,1.323936e-05,0.0009998842,123.046875,-201.1273,9868.76,118.052666,1708.9269,13.430486,553.62225,15.130303,245.08073,6.559073,298.3231,0.3911976,174.06982,-3.3496578,177.28096,-0.5546316,133.62811,-16.614714,151.14046,6.2302074,147.80406,-15.306272,75.459366,-4.6687503,77.15262,-9.385842,96.202934,-3.402887,72.87575,-3.940452,84.604965,-5.5266294,75.13385,-5.0375915,72.20699,-2.810548,83.15025,-5.623465,69.961365,-6.274583,66.176,ballad
89,43_Chiều nay không có mưa bay - Trung Quân Idol _Video Lyrics_,0.26907283,0.08709284,0.0689097,0.0011918449,2166.1713392657657,575169.8679481354,2375.453050637761,203798.65581406586,4611.022117780089,2879629.3422231465,0.08778952961735681,0.0023472148781416165,1.0623248e-05,0.0042793485,5.2211886e-05,0.0005861597,172.265625,-188.48766,6956.7305,94.75094,973.86725,-3.3708858,311.88278,17.813713,248.92505,-1.6596823,204.21924,-3.001782,142.39726,-6.649927,152.37587,-1.1864676,129.22583,-11.710117,163.93002,3.076283,92.143394,-9.691073,75.65224,-2.735415,94.64825,-8.127852,91.27305,-2.7901175,81.19483,-8.966697,81.77062,-5.007758,73.4564,-9.919954,80.70368,-1.7293156,74.52231,-9.306949,108.98468,-2.6410408,112.34155,ballad
90,85_Hà Anh Tuấn _ Tháng Mấy Em Nhớ Anh,0.2526949,0.08907913,0.0423289,0.00045158426,1284.5743379353587,456196.4814439654,1729.2804882881833,392392.10503474745,2529.493037834994,2865882.357850916,0.049046566611842105,0.0011752261504766434,4.3450436e-07,0.0019493771,-6.8731345e-07,8.822238e-05,117.45383522727273,-321.4814,5055.9155,131.77312,1478.5618,9.378689,393.19217,22.364027,140.12572,2.7137387,214.29883,-0.62608373,150.01373,-0.20586233,191.58066,1.4477777,103.81589,-14.642012,119.10904,-7.788534,143.19522,-16.907381,106.8825,-8.531733,118.0174,-13.690264,107.84803,-6.114238,97.55251,-6.475251,94.46944,-6.123093,64.32464,-15.285046,71.64451,-11.056907,85.07245,-8.790879,62.239933,-9.620599,85.19231,ballad
91,4_Mr Siro _ Dưới Những Cơn Mưa,0.28781697,0.089453556,0.2049714,0.008211275,1920.682646790028,828076.906270415,2321.4613356591144,455670.76927727275,4201.241262335527,5009162.10732537,0.07189544583252709,0.0031438860942459663,-0.0009562992,0.031635698,-0.00029639647,0.011687015,86.1328125,-106.318405,7444.7383,114.98074,1441.9431,11.96969,349.0148,3.554318,372.26334,7.0686755,216.19954,-3.9095407,155.023,-13.873567,162.64958,0.044137534,119.43711,-11.892144,110.6986,-6.461552,104.91237,-6.9813294,110.82955,-7.6405697,107.91129,-11.617593,120.33224,2.7845838,77.85373,-8.3366785,93.76383,-2.7119045,122.08106,-9.2975445,97.57164,-3.2608712,80.214905,-5.7471786,77.911896,-4.1939216,57.163017,ballad
92,23_Tinh Yeu Dep Nhat,0.25160956,0.091918774,0.29632244,0.00862576,2352.4030152197197,583276.6200640129,2669.6262956027663,156617.3209854685,5484.2585041057955,2995459.1730018533,0.08589025916698917,0.0030797542629497983,-0.0013999945,0.06787185,-0.0009370209,0.014017884,129.19921875,-46.09203,3888.9268,88.379364,764.2596,12.703394,271.46527,16.033375,310.7819,11.439057,201.72566,-0.045674138,128.73158,-14.757406,179.8387,7.4519935,110.07498,-7.430581,118.275734,-0.0831295,128.7144,-0.60959184,108.344,-3.5742154,84.1421,-11.68743,96.90273,7.546357,81.17872,-6.191394,86.25871,1.8861963,89.25554,-4.3896365,62.38759,0.52769834,59.03153,-2.1714964,73.39677,0.66758174,72.04065,ballad
93,6_KHONG THE CUNG NHAU SUOT KIEP,0.27615097,0.086078264,0.1799269,0.00712156,1612.977036611803,373811.82993803045,1961.76133173973,126761.8971113796,3107.481209486262,1481105.8264683508,0.06715378894156347,0.0021051548142938616,-2.2654656e-05,0.029087558,-0.0003432572,0.0034277816,151.99908088235293,-123.53386,4852.292,121.9182,845.2355,-10.539736,342.1831,20.183195,257.3201,9.866365,267.37918,0.4148518,210.9962,-12.777721,135.51933,0.9798653,113.808655,-16.319,116.194756,-6.4297433,147.7839,-16.712364,94.1122,-9.848234,89.08497,-6.138275,77.35939,-9.973095,94.253525,-7.7520194,80.04985,-4.608908,72.07416,-14.345176,106.92746,-5.818626,69.122536,-6.6192737,92.67816,-5.954627,91.546196,ballad
94,97_Soobin Hoàng Sơn _ Xin Đừng Lặng Im,0.26533955,0.089613736,0.16468176,0.00665922,1575.407581429705,664303.1852651313,2052.903590986514,341485.50924054673,3249.767849098418,3544628.5348631917,0.05501365071110681,0.0020745602468598325,-0.00020282566,0.025032384,-0.00078531355,0.0030117757,135.99917763157896,-158.07245,9558.681,118.6614,1432.7302,17.210659,330.1045,28.382462,268.12253,11.154369,184.49521,4.44085,129.54631,-6.9463873,125.36616,2.323887,111.75556,-15.551432,167.8074,1.9488238,126.88725,-8.471402,66.993286,-7.435391,80.54,-10.108987,72.410255,-4.30146,65.02966,-4.774479,63.575016,-4.2238555,81.50106,-7.9277973,72.69461,-6.863529,89.65897,-6.8863273,101.05396,-6.3688703,101.389755,ballad
95,92_Hà Anh Tuấn _ Người Tình Mùa Đông,0.28280196,0.091577,0.20224161,0.004671835,1661.2727940282143,526293.1178040404,2234.03082649693,204438.858685754,3597.5949125024185,3230543.6964036888,0.05351158118469427,0.0014359816551550715,-2.6010837e-06,0.037145536,1.3036017e-05,0.0028230795,103.359375,-143.87427,4418.5234,103.951126,893.6976,24.096897,406.0713,37.51022,234.11082,5.9120374,327.95926,2.9615083,175.56337,2.5198865,294.2518,5.2259192,150.72083,-14.848481,176.93657,6.673629,156.55101,-7.593714,106.77307,2.091372,109.98464,-6.1697636,137.55684,2.1019406,120.59299,-4.809386,90.496666,-2.670028,129.28357,-12.290369,107.403465,-1.1405785,94.62669,-6.6490498,104.50509,-5.5380807,117.42991,ballad
96,79_Hay La Minh Chia Tay,0.2350351,0.086624525,0.08192716,0.0012936577,1565.3998347098125,538565.780247828,1876.393596885222,279461.75886165927,2959.794602526969,2749442.599431169,0.07268039951383513,0.002034925310903426,4.77414e-07,0.005679351,5.864639e-05,0.00083513727,99.38401442307692,-214.06192,4721.7764,135.99397,1240.691,-5.218245,353.33176,7.5206203,295.0362,1.3393168,177.96503,-10.663242,232.7467,0.88238126,270.07095,-8.01348,162.07245,-12.237591,172.35223,1.1393536,224.9063,-14.642563,139.05872,-3.232839,130.96138,-12.3134985,156.20375,4.6351376,140.38235,-15.356965,189.40231,0.58757657,172.30025,0.6805205,162.93544,-8.827043,269.91907,-3.1008744,146.9911,-5.9840407,199.44318,ballad
97,75_Có Khi Nào Rời Xa _ Lyrics_ _ Bích Phương,0.25147337,0.086591825,0.106488205,0.0020760193,1704.195663019498,416133.99457331875,2056.3732441260886,198845.86179435631,3441.683355278275,2000719.9627774695,0.06967550460768189,0.0018619604621984043,-8.843574e-07,0.01082986,1.716212e-05,0.00073164346,151.99908088235293,-175.23625,4170.5596,114.946,946.2272,-0.35423312,319.592,27.109072,259.51303,2.2656674,150.21924,-1.605728,114.44597,-10.217555,124.33548,-9.1778965,127.86332,-10.81999,125.17378,-1.5864655,122.8415,-14.536185,83.81221,-5.5887637,92.38621,-11.989822,101.24582,0.54939604,88.036354,-3.8467677,107.300804,-2.486121,120.983734,-3.8380437,134.62086,-0.9600747,92.744415,-5.041973,105.546425,-2.261303,104.94444,ballad
98,59_Thương Em Là Điều Anh Không Thể Ngờ __TELDAKTN_ - Noo Phước Thịnh_Lyrics Video_Mưa.,0.25688428,0.08972089,0.12550458,0.002590914,1537.069133298031,653620.6009197371,1982.31418983761,314711.5319672129,3006.6068194598975,3254875.8009564285,0.056771387625773995,0.0018118482146390962,-2.653419e-07,0.014018077,-2.550162e-05,0.0014103441,129.19921875,-192.86461,5640.6455,118.18206,1416.5803,13.777344,446.65717,23.40786,333.4105,7.9220276,333.76926,-1.2450097,214.4835,-10.617599,169.58185,-11.653721,169.1324,-24.458235,166.29184,-5.6077323,202.75789,-22.368723,135.09769,-12.730898,114.67508,-12.239973,124.66561,-6.0818644,116.37529,-2.2351158,100.12825,-8.664709,102.89302,-10.744496,89.64344,-3.9936898,96.1936,-9.238573,90.049126,-7.230789,122.46425,ballad
99,15_Mr Siro _ Đừng Ai Nhắc Về Anh Ấy,0.23531808,0.08773517,0.12155834,0.0033588612,1242.0476209662972,614898.671785555,1761.5668867226252,637426.0092721321,2239.4822914903007,3689138.778162788,0.046504442905863,0.0013505470268570083,-3.3066576e-07,0.015880212,-5.363528e-06,0.00079946313,129.19921875,-245.10648,6181.504,147.16464,1639.1602,31.869202,474.7976,-8.093569,393.4618,9.048061,324.40924,-13.553112,191.19308,-28.06458,295.0363,0.5745878,206.96527,-20.63382,133.68452,-13.823454,170.05449,-11.477497,83.916916,-19.566856,133.8717,-23.073532,100.20296,-4.8355694,128.3654,-10.606451,122.95518,-8.95382,87.27952,-10.572879,63.309185,-12.573831,95.3769,-6.3749456,73.25261,-8.947559,73.81028,ballad
