index,filename,chroma_stft_mean,chroma_stft_var,rms_mean,rms_var,spectral_centroid_mean,spectral_centroid_var,spectral_bandwidth_mean,spectral_bandwidth_var,rolloff_mean,rolloff_var,zero_crossing_rate_mean,zero_crossing_rate_var,harmony_mean,harmony_var,perceptr_mean,perceptr_var,tempo,mfcc1_mean,mfcc1_var,mfcc2_mean,mfcc2_var,mfcc3_mean,mfcc3_var,mfcc4_mean,mfcc4_var,mfcc5_mean,mfcc5_var,mfcc6_mean,mfcc6_var,mfcc7_mean,mfcc7_var,mfcc8_mean,mfcc8_var,mfcc9_mean,mfcc9_var,mfcc10_mean,mfcc10_var,mfcc11_mean,mfcc11_var,mfcc12_mean,mfcc12_var,mfcc13_mean,mfcc13_var,mfcc14_mean,mfcc14_var,mfcc15_mean,mfcc15_var,mfcc16_mean,mfcc16_var,mfcc17_mean,mfcc17_var,mfcc18_mean,mfcc18_var,mfcc19_mean,mfcc19_var,mfcc20_mean,mfcc20_var,label
0,85_NGƯỜI CÔ ĐƠN - DA VÀNG BAND,0.35468355,0.09977414,0.0975433,0.009198506,1850.1175251098937,1748517.030404941,1988.9126815020097,540114.5691317703,3385.7670267299973,6917955.708644019,0.08975248071062307,0.0076421778561787754,-6.209719e-06,0.012326836,-2.5848758e-06,0.0019287497,103.359375,-257.52255,28107.54,84.52808,2279.1875,36.748764,701.36536,36.69069,200.96968,9.0885515,144.7534,8.996109,152.84468,3.3846564,79.631,-0.5347389,59.366596,-0.20650002,95.03477,-0.055833302,60.69301,-1.914408,63.53498,2.333773,155.8314,-0.6404504,70.76194,2.9239855,96.53117,1.2384809,51.58595,1.955132,72.63459,-1.1877164,69.7877,-1.9226025,54.71747,-2.0547047,45.468563,-0.50729704,50.317856,rock
1,41_Co_ Ai Kho_ng,0.2742166,0.089102276,0.06253347,0.0011824688,1476.016814191127,1265407.1019484457,1886.809191285826,886401.310288025,3127.493588474144,7551790.5693065785,0.05482582115905573,0.0029271697700734936,-2.3225394e-07,0.004132667,-7.4660957e-06,0.0003907075,129.19921875,-299.36502,13215.341,130.94658,2857.2498,30.144588,468.47495,6.74768,200.26396,12.782513,218.05452,1.2573574,171.79787,-3.6968644,186.55962,-0.5657179,158.98248,-10.757982,126.47475,-3.7002392,270.1275,-13.753191,108.16489,1.1110946,105.7675,-6.409625,129.9717,-4.2211866,81.39373,-7.0590715,75.04532,-8.941674,83.40435,-14.00907,73.88653,-3.859214,97.44979,-11.822893,85.05996,-8.2082615,76.52485,rock
2,80_Giấy Gấp - Vì Sao Em Không Đến Với Tôi Ngay Lúc Này,0.38194835,0.087900706,0.15081283,0.0026642676,1622.2847732033538,384211.6512850317,2048.585313378425,194181.38033303755,3268.73440107694,2025442.2197645765,0.058991328850619196,0.0012986035202967965,-3.342649e-06,0.01589985,-1.2481639e-06,0.003839236,92.28515625,-132.18289,8275.449,116.27358,1004.6337,-1.6691855,595.2685,32.681705,275.5759,12.132852,237.41022,6.0107255,122.34036,5.636651,103.66826,9.246146,77.28179,0.26251364,112.289085,11.7810335,77.99739,1.9248247,73.24984,7.2666388,67.62275,0.054192416,69.08907,1.6804389,69.172295,-3.5222363,54.9725,1.8473053,57.423515,-4.5119343,43.688396,-1.81364,43.20732,-3.5536005,42.36697,1.4583911,50.428722,rock
3,20_Em Đéo Biết Nữa Anh Ơi,0.4148463,0.08233726,0.29539874,0.006699456,2411.4825461758614,255900.78531159594,2388.762952447753,44416.73750284321,4827.148953212781,719209.3575482976,0.11467345505617978,0.0040342506407728225,-2.7322816e-05,0.052399483,-0.0011761525,0.015860649,117.45383522727273,-4.2251253,8334.209,79.31141,576.59045,-19.495085,206.00386,33.50806,113.2896,8.278468,137.72685,12.928905,110.467476,1.7571554,59.20712,10.713708,49.95658,4.4093933,64.69261,16.989834,69.315506,2.555072,65.56651,5.5720525,49.965416,-0.78230536,42.7501,0.3076704,43.86877,-2.6277857,43.48718,2.2253194,47.93639,-6.283685,44.44203,2.6815138,46.48442,-2.8007746,46.62644,-0.9073749,57.77043,rock
4,124_Trên Những Đám Mây,0.42639148,0.08647429,0.1299728,0.0016049846,1946.357799104676,463584.85771970963,2478.045313797284,173301.56719149722,4478.160421176592,2760126.1810597987,0.06010999177631579,0.0014789816182114624,1.5012091e-06,0.010847356,1.2514789e-05,0.0030196754,112.34714673913044,-138.23843,3981.4187,98.993225,838.39496,14.434132,292.47495,29.42636,225.45946,19.436625,112.010994,13.487362,117.16664,-0.37473577,119.062065,12.548768,81.53125,0.9660258,65.12934,8.454769,81.25897,2.289237,43.90562,3.0130336,52.95883,-1.2047021,59.69986,0.6727666,43.95829,-1.1989623,52.376015,0.35494787,50.911045,-0.59166384,46.939278,3.6415555,46.538258,-2.6525276,51.95015,1.109529,53.8739,rock
5,98_Là Tất Cả,0.42829478,0.08312413,0.19799098,0.0088665085,2122.049729639913,280086.4496202988,2081.090226020801,132719.83790649078,4101.879363163337,1328296.8585142016,0.10933626251693111,0.0011682605168080466,-2.698985e-07,0.027616931,0.00011726795,0.0075485846,95.703125,-51.224083,8761.339,101.92849,999.6981,-30.196966,250.36972,29.044369,219.86168,-3.0182412,161.5936,6.6071825,133.51746,-3.0799239,99.78317,6.5025883,98.147285,-0.6370225,156.69832,9.389658,60.89123,-0.43793088,41.55113,1.9735665,61.27072,1.403113,59.331764,-0.4137679,43.80511,-1.145955,41.866592,2.0319881,42.265965,-4.4481263,43.696514,4.959962,52.43865,-1.4389155,48.793972,1.2832686,40.31713,rock
6,76_Lý Bực - Kiềm Trớ _Official Music Video_,0.38464847,0.08575961,0.3288889,0.0017581166,1990.2437238849948,265358.82030407316,2490.920898191859,140028.892910432,4674.096736376499,1883263.125026094,0.06491022730021284,0.0004942142616493125,-9.633838e-06,0.0710221,-0.00071641087,0.012844177,135.99917763157896,-11.281928,1298.9772,104.687164,417.3248,10.481407,177.07552,23.595833,117.27455,4.1385527,97.64868,14.131663,52.812683,6.1579485,50.837444,9.733604,62.879425,0.8376712,57.314957,10.170746,43.91675,-2.471329,42.11036,9.517346,56.470055,-3.2956722,37.20822,3.815396,45.721176,-2.386021,42.23134,1.8783453,37.17418,-3.2422307,35.342205,0.28230986,32.383778,-5.712911,50.724396,3.6125863,53.70153,rock
7,111_Cao Nguyên Đá _Version 2_,0.35111457,0.09026367,0.233212,0.0032666253,2013.2519132622651,208855.95456617945,2260.0525867939486,125037.92837575893,4282.93660166832,1132668.2544001648,0.0831552038989938,0.000776373800393929,8.927307e-07,0.03566767,0.00028361444,0.008779751,112.34714673913044,-38.806454,1673.4042,101.13583,580.86835,-9.284609,210.93759,36.713615,115.55915,4.936098,96.0842,6.303342,74.49278,-1.4971768,79.71416,10.157065,60.814068,0.83835775,66.90042,5.545052,58.200344,0.12020208,64.328064,-1.8197263,46.770145,-8.393087,56.979725,-0.6959819,61.802277,-2.6426039,43.39606,2.6031163,47.00597,-10.685766,61.78428,-6.7371597,74.27068,-2.0347376,63.797146,0.035757437,55.6964,rock
8,103_Đi Chơi Show,0.37526536,0.08440142,0.21562679,0.0019108485,2167.81063238719,157399.9432493919,2308.1209416038396,77902.5183309244,4692.875789488801,802810.1833477035,0.09243103594233747,0.0005139488328755411,-2.380818e-06,0.02598994,2.8909171e-05,0.008821704,95.703125,-26.891006,1339.1494,98.08775,406.19583,-12.547867,202.72302,26.491005,152.12491,-9.999989,133.7221,12.055178,100.07537,-4.67153,95.03982,5.234489,50.20682,-4.475894,61.663555,4.376516,75.01011,-4.911409,43.759514,3.7907186,49.40212,0.37545657,40.604797,-1.1031764,42.39123,-3.107302,38.85628,0.37338012,34.046432,-4.3366337,42.716343,1.3342962,41.72845,-6.688051,40.175884,0.57348204,44.202793,rock
9,86_Ngày Tháng Có Mang Em Về _ Black Of Panic _ OFFICIAL LYRICS VIDEO,0.35693794,0.08777992,0.24994993,0.003405969,2205.1443860232594,488750.7760298002,2324.7491062108875,170987.06431401515,4687.3383229731035,1946990.698278263,0.09982800557517414,0.0022093303937090274,-2.6694815e-06,0.03878964,-0.00034318466,0.011264356,86.1328125,-37.53354,2767.3694,94.13971,1073.4934,-0.7919563,325.8527,41.649258,224.76997,1.6546208,215.0029,5.6347284,102.6146,-0.9652521,125.02267,9.657092,124.60723,-5.8933964,114.262726,9.092215,88.015045,2.256284,78.5752,3.6017885,81.86946,3.8434298,80.42128,-3.9902086,64.751785,-7.732541,84.77943,-0.83676475,67.743706,-10.3373165,61.611042,-4.3965545,70.43247,0.27502993,97.59249,-1.0040357,88.2713,rock
10,120_Thợ Săn Bóng Đêm,0.21901497,0.08995578,0.14892711,0.0034269686,1264.8623029739936,219572.75742451998,1503.8462773571362,174578.1096537074,2343.7108279012673,1004014.4734508547,0.057445230867840556,0.0007389209521318531,3.3389456e-06,0.023082882,2.085475e-06,0.0007824566,151.99908088235293,-202.23111,3041.8564,136.56665,1269.6095,-22.380848,299.54764,10.598325,346.50845,-7.6096563,213.62592,-24.99684,221.08817,-23.717829,176.72685,-15.491573,172.50154,-10.345595,200.89525,-11.470815,165.01752,-21.544802,144.03131,-10.792875,155.99739,-9.530643,140.11348,-6.878755,151.04327,-13.768389,139.45192,-9.617277,133.04184,-6.2452374,97.07117,-6.4699383,155.44688,9.678411,210.0678,-3.2756133,201.32529,rock
11,42_Alright,0.3148172,0.09600575,0.06553545,0.0007651559,1211.660757082995,486998.701375941,1967.3890553616675,347522.0718022493,2399.2396587926905,3826061.696277253,0.03348335762142028,0.0008157995354248963,1.9797753e-06,0.004599651,-2.9896664e-06,0.00012503962,123.046875,-308.5432,5562.3154,131.06258,1068.9814,39.24674,324.07333,22.97427,203.64894,16.12174,225.63066,13.90755,225.58044,-2.5769122,197.62698,4.611433,145.78313,-2.3003104,200.44952,7.7649183,153.14162,1.925802,129.34721,8.329116,133.61063,-0.05483154,137.42754,2.4998126,110.868034,9.915529,82.364296,0.3255705,98.39311,-12.647724,92.16989,3.0769553,87.538666,3.2300055,190.88454,-8.37124,109.65528,rock
12,64_MICROWAVE _ QUÊN _OFFICIAL M_V_,0.37608224,0.08738109,0.12839347,0.0011152476,1856.1259203388797,409096.22014631337,2290.462496894239,197876.83397234083,4200.924597583688,2168149.4664143263,0.06720915519785217,0.0015508333372172686,-4.2111456e-06,0.010485516,-3.7207148e-05,0.0025966964,83.35433467741936,-124.62423,3342.1245,108.20126,905.8185,8.108921,257.65567,38.405777,149.73277,9.860192,121.53478,13.925482,104.8851,-0.112664826,73.35919,9.966389,68.91428,-3.2367704,67.705414,7.6397243,77.431786,1.9370992,60.193226,4.255576,43.465363,0.8687255,35.606613,2.4878936,48.193317,-0.43960845,38.056377,2.1655087,39.65004,-5.942737,50.855663,0.23218137,37.767323,-3.4434395,68.95491,-2.1831725,65.79297,rock
13,67_MicroWave   Bao Dem,0.34001514,0.088817745,0.19287741,0.0025163346,1868.5911017933172,579623.7424282121,2146.8505323139834,187525.96003691835,3913.238837180123,2498681.185274712,0.07962215647977941,0.0024154780158154665,8.0655656e-07,0.024277437,-9.167587e-05,0.0056555825,161.4990234375,-84.207985,4228.552,110.12035,1374.513,1.9510704,533.73444,36.866634,197.99852,5.412482,167.66734,15.696743,171.1616,0.9835578,124.249405,4.9439673,77.31522,-8.096132,136.12228,5.0062304,129.04475,-7.913648,56.60763,7.582025,76.832985,1.1001928,66.33156,1.8671407,47.58136,-0.6512658,67.96973,1.838272,69.332,-4.6448245,55.182095,3.1392255,63.540424,-2.052926,50.46124,-2.2332733,58.41515,rock
14,22_Wave Alpha,0.40019193,0.07914014,0.2852101,0.0020978753,2515.976227629745,113077.3175169457,2518.877442904869,43942.267097250835,5157.539646396696,718124.9519552614,0.12102723490712074,0.0009672381606204962,-3.0878457e-06,0.042316582,-0.00037450177,0.015614653,95.703125,20.523087,479.2356,79.39029,175.62302,-14.675633,214.9366,27.32997,169.16563,5.9763465,88.76847,4.4555764,93.899,4.147993,73.65272,6.115826,58.728184,-2.4863594,74.386406,12.772637,73.8472,-0.8421853,43.287056,-1.2000829,51.439804,0.9548388,46.16705,-2.017801,39.31024,-3.3331912,38.085857,2.7900586,42.07244,-4.32701,44.456753,3.0874758,39.316357,-2.7543156,38.365253,-1.1771371,41.476498,rock
15,82_Khi Em Còn Bên Tôi,0.39072856,0.08494777,0.14769936,0.004364545,1855.18279543143,303098.69957299693,2307.2142187346712,214970.9670383655,4061.9462712999466,2157665.43554946,0.06999485263883513,0.0008261356412110946,-4.2091015e-06,0.015200354,-5.4614466e-05,0.0035577738,117.45383522727273,-116.258385,5582.283,107.46696,672.2589,6.1691484,289.90762,26.346931,399.34805,8.264476,158.27126,6.394282,148.06778,3.165823,136.70088,6.544643,142.78435,-7.6124043,146.4985,3.7167625,95.9858,-3.9243433,71.416534,4.998197,90.077614,-3.331485,59.467686,-0.5153697,98.422264,-5.4470396,81.44089,0.39449647,65.81909,-6.5915647,68.8053,-2.2136316,65.713394,-5.7254114,61.55319,-4.7018433,86.58543,rock
16,74_Em Lo__ Đa_nh Ro_i Ti_nh Chu_ng Ta,0.41706565,0.0849765,0.19512187,0.0034498407,2607.2676811618003,300819.367267776,2611.271333146717,58860.9715144676,5496.600096144543,878642.712236659,0.10217304052583204,0.001982715938077715,-2.7889207e-06,0.022481604,-4.5543744e-05,0.0076159495,80.74951171875,-46.140095,1224.9303,71.22323,481.13153,0.47309804,149.4605,43.358208,120.84416,5.7889977,98.87843,12.39271,142.34201,1.2444265,85.95978,7.315314,80.2164,3.9650118,85.63865,5.6414356,60.172844,-6.006983,61.0482,0.4839334,48.004204,-2.2193217,55.111526,0.11453505,45.602627,-5.938567,39.222813,4.198724,36.93753,-2.4081814,38.424355,-0.09215227,38.731335,-1.139018,36.106045,-1.5271513,34.011173,rock
17,75_Go_c Tro__i Cu_a Na_ng,0.42825508,0.08730905,0.18616712,0.0130050015,1685.5801016324785,720273.8443554234,2237.6675253966905,306596.8717019829,3742.2065380557033,4411265.196048186,0.057008725570820436,0.002344910340163389,2.0041523e-05,0.033232402,3.12044e-05,0.0058977124,117.45383522727273,-168.44778,9541.378,112.58057,1295.544,28.451591,644.2267,25.547588,535.79803,-1.0211384,338.6306,8.64798,356.85873,-5.2889504,220.7948,4.1517496,333.25488,-6.1278896,194.14537,3.2840188,262.08658,-10.003763,143.65195,0.3157184,157.5325,-4.468545,152.80981,4.3159986,170.88347,-1.1977587,112.43798,1.436085,102.25194,-4.9090157,109.93888,-0.18608712,89.483086,-2.6688976,101.91146,-2.9588697,93.34029,rock
18,53__Official MV_ NƠI ĐÓ CÓ CHÚNG TA THUỘC VỀ NHAU _ BỨC TƯỜNG x PHẠM ANH KHOA x KRAZINOYZE,0.37257937,0.09008112,0.14117299,0.0022105258,1589.4155717176798,275337.0711726354,2011.1827094863788,152571.17484652903,3327.929876463332,1463194.2605865824,0.06279761724796827,0.0009291036400083558,0.00084440195,0.011155925,-0.0011724402,0.0047893655,129.19921875,-126.308655,3471.1897,118.27387,536.5375,-8.498772,341.5614,35.502655,293.3177,9.198948,206.09644,8.095076,118.25926,4.0999174,155.45311,6.4681053,71.33878,-1.1109056,173.27092,6.8185387,85.39493,-2.3947878,69.26451,0.27625495,71.33826,-2.7889073,61.209957,2.3475266,60.471905,-1.708321,52.13156,-0.3281056,58.47683,-7.841814,48.5551,-2.1665745,48.925392,-5.4336567,64.638504,-3.5526135,54.53258,rock
19,102_Là Cảm Giác,0.37313458,0.08621631,0.17507613,0.0012561908,1862.1304969099976,229002.07611001784,2271.18516689036,138633.76655976693,4118.370930107754,1625203.2739095085,0.06674959637432276,0.0006758904064013795,1.595324e-05,0.020065462,0.00015239709,0.0054973946,123.046875,-77.34413,2344.1147,111.771576,565.26666,0.65272397,152.16002,25.16694,121.67979,-1.4152939,77.51281,6.6904674,78.42691,-2.7724478,72.037796,-0.39869195,56.89414,-4.7125125,69.83485,4.3428187,65.28526,-8.064493,53.54356,2.4851081,48.856873,-4.0170927,41.494167,-3.2753725,43.07218,-2.8149807,50.34478,0.63281196,52.33491,-7.9926,53.922203,-1.8377889,42.72638,-10.565352,63.538456,-3.7136345,40.18465,rock
20,113_Cá Hồi Hoang - 5AM,0.42570534,0.07723774,0.23468155,0.001945793,2090.629644655964,369287.9085605408,2416.8009215582447,158530.64276386035,4635.784468045545,1998226.4164060506,0.07601068927776702,0.001037278173284418,-7.997745e-08,0.038011685,1.577301e-05,0.0064942604,143.5546875,-40.52319,1831.0188,100.647316,728.2336,2.614764,211.63797,38.74081,167.64372,10.604322,98.343,4.814293,135.227,-1.2923137,61.886066,9.353546,46.443146,-2.6274912,55.065403,8.691721,50.359882,-3.0985193,31.881624,4.9229198,41.762608,-2.066985,35.579445,3.4463396,31.729332,1.420714,44.66922,-2.0674243,38.870483,-5.4058375,33.430305,0.17734894,40.175716,-2.7266462,40.62715,2.88023,28.759222,rock
21,107_Small Fire - Bao giờ cho đến mùa Đông_,0.27320486,0.091171265,0.21357973,0.010380436,1255.063590372862,469104.0321958109,1773.6907700847073,428117.39224921505,2666.338043685299,3456214.4363445616,0.04172650505514706,0.000750954580250561,5.481574e-06,0.0459855,2.9452294e-05,0.0020255216,123.046875,-147.55812,7965.6865,136.26074,1133.4493,22.182835,452.69922,24.137526,210.76555,3.9848104,142.37276,10.350289,73.75435,-8.65267,120.350716,5.5548005,96.13904,-11.572825,113.70069,-5.140001,75.21001,-6.078201,52.164085,-3.707991,70.02201,-7.3887763,55.102398,-5.1373115,54.74636,-4.8863006,54.612762,-5.9216676,51.49262,-9.123363,50.6548,-8.90202,44.230396,-14.390413,61.853497,-6.3273716,43.86671,rock
22,56_Con Duong Khong Ten,0.43181622,0.08020384,0.29329336,0.0036423332,1977.499095058021,224091.75592433632,2225.37342469712,169107.59865272848,4156.8873638708155,1414732.3844334413,0.07717054620984908,0.000586765626488029,2.0301932e-05,0.0527545,-0.0003753061,0.0152119575,129.19921875,-15.553409,1499.8901,105.49952,573.40436,-19.86499,424.46323,28.417025,118.07232,7.568633,87.839905,10.268039,96.55884,11.066853,104.59803,8.560322,47.5169,4.9030614,49.50075,14.815618,56.679462,5.684927,44.790634,7.082757,49.52281,2.9094453,45.252197,4.9509706,42.207943,1.3359753,39.87448,3.1886406,36.21557,-2.8168893,39.838154,2.0522358,35.59993,-0.54772407,32.73951,2.2871492,41.065422,rock
23,4_Ánh Đèn Phố,0.31807184,0.0886737,0.15311553,0.0070287907,1553.659579757161,513038.60539460107,2333.259461483376,351446.4499673313,3484.503929681453,4383445.273415874,0.045707773497968264,0.0010304575554915768,1.982206e-06,0.023570001,0.0004825958,0.0020268725,107.666015625,-188.69579,5898.1084,108.90088,631.53546,26.460344,424.8577,33.550213,603.54144,42.152473,236.23264,5.3889318,192.66295,5.9911866,118.78176,8.986088,137.09705,-1.3769583,119.40476,2.2831662,95.24152,-4.959274,96.14348,4.6968036,70.932106,-5.5625806,61.88037,-0.61756784,46.3549,-4.797105,49.651917,-1.4393454,82.20609,-8.746814,65.74736,0.5867632,47.379,-2.3071747,96.23065,-3.5091784,82.03572,rock
24,47_Anh sẽ đến,0.4357617,0.08274144,0.11007545,0.00094159157,2570.0073947873975,347497.5377572856,2533.345164457566,162531.59825390068,5375.3883290955155,1728353.1479671614,0.11500213906491873,0.001664989731260985,7.4468476e-06,0.006401258,-0.0004442307,0.0026679372,95.703125,-92.06625,3032.6448,75.54344,506.02524,-9.427146,422.14874,41.098995,201.102,9.296068,153.78163,10.017281,90.00432,3.5162349,63.987556,9.89915,63.98364,-0.89121145,86.167206,4.6201468,46.765636,-1.1464068,51.98925,3.0576386,39.936535,0.33792496,35.59437,-0.056974076,32.204483,-2.1117797,28.189804,3.248172,28.284607,-3.534572,25.802622,-1.4429331,22.983463,-5.9972763,27.402712,-2.6291928,23.82614,rock
25,2_The Cassette - Khoảng Cách _Official Music Video_,0.24866499,0.087700725,0.17980312,0.0033509193,2016.6250400791207,457084.3616162898,2440.714555241325,232280.86806690384,4349.915363323577,3213269.1738593355,0.07420816805340558,0.0014987885754892433,-9.990657e-07,0.028791247,1.7001857e-06,0.002240086,151.99908088235293,-119.34375,3388.01,92.68819,715.24713,-2.2013345,403.2229,14.500626,434.20016,15.500136,251.15848,-12.236092,170.08545,-11.46753,148.6131,-11.234427,107.22534,-24.940018,113.47794,-14.646188,112.116486,-16.504091,97.17655,-10.9954195,62.879547,-18.235603,77.364334,-10.794444,74.09079,-14.913879,60.692772,-1.4341065,85.23844,-10.390783,62.643456,-1.6393563,85.61031,-10.599701,70.08131,-11.341211,68.253716,rock
26,8_Đừng Yêu Người Nổi Tiếng,0.37126672,0.08440242,0.21181278,0.0021381222,2121.401404370533,385768.9986896916,2389.1749872410637,154591.8453415713,4548.218330879329,1785524.4684952083,0.08646073946642802,0.0017621622140037534,-1.710616e-06,0.026215954,-0.0004090705,0.009500583,86.1328125,-58.36281,1797.9977,94.73561,885.501,3.7261403,272.90576,39.69136,168.63165,10.001383,139.05334,7.950513,120.1844,6.006526,98.14904,3.5402918,79.45724,-9.163226,83.49998,7.0509143,89.97136,-2.1309512,62.64608,-2.7832227,60.41929,-1.6382517,70.17935,0.20032606,52.604694,-6.536336,52.840847,0.11795535,60.15342,-6.4710054,53.045177,-1.0863451,43.184574,-6.146075,64.81922,-4.5399933,54.008343,rock
27,32_Phạm Anh Khoa _ Đừng Nhìn Lại,0.38362816,0.085704245,0.19336559,0.002550592,2435.4998454563024,219211.14774279547,2351.615646374603,68563.95788531109,4786.808554823554,756827.903613161,0.12079764445868808,0.0016921548959049218,-2.2393353e-06,0.021209503,-5.9789534e-05,0.007174139,95.703125,-25.47392,1766.8317,81.91636,406.58035,-22.52758,266.54068,31.336926,225.5611,-0.44055724,140.28603,11.053234,65.48294,4.9677835,92.78148,6.753095,65.36152,2.849688,69.379425,7.892977,64.919304,-0.18290463,51.28277,3.5711184,43.33687,-4.5388803,37.581905,0.547025,34.728527,-5.020814,35.59379,-0.9668555,34.264156,-7.925692,35.418865,-4.203039,34.667843,-2.518507,41.353176,-1.1492475,32.70204,rock
28,101_Cà Lem Kem Chuối,0.4349706,0.083396755,0.23598517,0.002247317,2521.3580447204013,168988.97641210706,2443.237465999547,81277.77535050176,5177.714524401968,704168.349493103,0.12113834534636223,0.000917433995379423,-2.559805e-06,0.02989085,-0.00019827651,0.010348482,99.38401442307692,-1.699002,1530.3707,80.079575,401.14246,-15.597057,219.41922,37.980446,210.78452,3.4790027,103.28784,12.136434,69.52034,-3.09232,63.267174,5.612595,47.96166,5.6087966,59.29888,5.1148853,57.10975,-0.1334216,41.21389,5.376706,53.567158,2.3170033,35.223057,1.3906308,37.760166,-4.849735,36.48169,3.5487034,40.377155,-2.0276487,41.080593,2.73987,40.69596,-1.6251727,41.976944,1.5220511,45.802456,rock
29,126_HẾT THỜI,0.37399757,0.092610836,0.16277014,0.003194659,1734.280278067107,469213.9226866828,2194.596680947636,195322.7289222435,3729.7691132631094,2598912.683741091,0.05780426119872291,0.001525991721818909,7.6932615e-08,0.020091027,-1.4472711e-05,0.0033788476,117.45383522727273,-125.42578,5115.3413,109.72071,923.1726,5.990164,423.93774,30.712748,208.18968,8.468181,142.29825,13.337534,125.23753,1.1691768,92.53949,10.667891,74.56118,1.312015,78.17636,7.663101,83.09039,-0.13084756,71.62331,3.3267908,67.099365,0.8371169,42.905487,6.9079566,54.734615,1.4446683,62.499783,3.9654148,75.66708,-1.4655122,63.973473,1.4929261,63.49995,0.6125841,65.36926,3.8374212,72.6935,rock
30,12_Mặt trời _ Đất Rồng OST _ - Oringchains _ Official Video _,0.42694643,0.079736196,0.25270757,0.0041816244,1677.5869824019067,261016.84483363578,2074.0994158930193,165273.6735658355,3806.4853160373937,1599530.6958632758,0.06276568244485294,0.0005396474414001157,-5.856218e-05,0.035914354,-0.0004060782,0.011503677,129.19921875,-58.57952,2527.3335,120.12626,729.19574,-3.190489,391.19272,46.679024,537.91833,2.9615827,98.91571,12.059192,99.52538,1.526033,83.390686,4.401852,69.95658,-0.74477476,145.21744,4.7182217,51.602264,-4.73873,86.17626,9.330034,80.883064,3.304628,58.24885,2.1474628,55.669735,2.0320685,77.65942,0.9137959,51.48081,-3.3947139,59.363113,-0.12090011,39.144306,-7.549802,38.6203,-0.23494822,47.002377,rock
31,87_Bức tường - Bông hồng thủy tinh _Mobifone Rockstorm 2012_,0.33624384,0.085820705,0.06691669,0.00058721367,1839.7255160843777,208074.02624440184,1830.319635499219,150556.35899012105,3532.6244720364502,1064175.3200985868,0.1056448638254644,0.0015946748313152052,-6.4961847e-07,0.0030108015,-1.5666254e-05,0.00088729535,161.4990234375,-172.28867,2384.3428,122.412926,803.9932,-38.434357,479.24643,33.429966,238.25024,1.44598,162.79228,-2.254968,138.27908,-5.679362,102.141685,5.348418,77.257774,-8.149752,127.15265,0.7127641,51.676083,-1.1026791,65.332344,-3.9537554,73.72433,-5.272076,65.202446,-5.285195,53.45704,-7.0914555,47.136784,1.4200838,49.61973,-7.3263693,53.92383,-2.3835483,43.515488,1.9739925,46.000183,-1.2761717,43.121075,rock
32,71_Chuyện Của Chúng Ta _Don_t Wake Me Up_,0.3528669,0.08594551,0.13832681,0.005193573,2159.8263676498873,553934.5323550375,2344.950867706757,271128.9981589074,4728.92140485923,2484300.8307324494,0.08857996323529412,0.001594723736386637,1.3248009e-06,0.014572483,-1.338425e-05,0.004054806,161.4990234375,-130.71938,12882.522,89.73124,894.75977,4.170174,442.5491,37.87148,266.45154,3.644869,166.659,10.437111,167.07289,8.469419,306.8009,-0.8020284,145.04515,-1.3234721,132.14899,12.263106,110.0822,-7.7272086,88.22229,5.6183276,86.16719,-0.36397514,72.62489,2.0184999,105.79772,-2.63982,126.72917,-0.38000166,74.65794,-8.96145,84.000084,-4.831954,81.224915,-3.9823728,113.84729,4.063796,129.07368,rock
33,52_Bức Tường - THÁNG 10 _ Official Music Audio,0.3674749,0.08451174,0.22628728,0.005738856,2098.4517197253767,187288.18106486546,2438.450736500534,68466.44972018493,4811.650071276968,1029230.0929956571,0.07896475304760062,0.0007707398323000433,-0.00014413985,0.035495874,-0.00028181577,0.008118329,151.99908088235293,-43.678455,2216.9253,99.029816,291.62845,3.3937309,217.3361,25.292452,209.97272,-1.9218824,92.29687,14.177278,77.01238,-1.9384875,105.31146,7.454165,55.094658,0.5459312,80.57621,7.944986,83.122185,1.589434,44.062523,2.7890387,51.703205,-2.3587956,49.865353,-1.0366164,53.671803,-6.572711,46.636677,-0.4676077,35.383198,-4.715364,50.939724,1.1416554,48.653492,-4.745375,60.128944,-3.0002527,54.503254,rock
34,116_Cửa Sắt,0.27686507,0.085166976,0.16756423,0.0027515166,1243.8125265899507,139476.48392831185,1660.3411522616982,135525.05722382804,2402.347973330471,779879.6117757114,0.05125611485342492,0.00021978198274634267,2.475652e-06,0.024982477,6.9567996e-06,0.0016204339,80.74951171875,-139.38908,2010.7301,142.10551,717.7407,-13.05004,205.34743,24.626343,261.93463,-1.6591525,201.19951,-4.0835376,153.80435,-0.99389184,95.84878,-5.808511,131.3151,-9.190647,155.15657,-0.5556801,111.73625,-14.418083,143.20187,-4.8118505,93.71285,-10.911189,67.23904,-6.071507,81.266815,-5.7360277,118.28138,-5.4826713,158.7016,-3.7557871,110.11012,-1.1442604,100.22445,-4.284423,86.34952,-9.684546,88.575035,rock
35,50_Những ngày tháng tuyệt vời,0.29460374,0.092304364,0.10374013,0.005406677,1607.2880819527531,484104.86124856694,1925.115694115529,311277.07248281164,3380.7337238323576,2430820.6452695513,0.06487130085381192,0.001621826489768819,-0.00073812006,0.0105087245,-0.0015631542,0.0019254435,67.99958881578948,-191.11803,12390.204,115.375786,833.7022,7.3491893,413.6016,28.507576,325.48108,-2.411753,213.57758,8.272397,159.17915,-5.819372,242.39604,5.6933274,106.11384,-9.270219,203.31763,-4.1323633,185.93448,-3.0419765,105.47363,-4.7475657,136.30139,-5.0245404,77.45286,0.36006066,75.87413,1.8472239,94.586914,-1.3450233,118.56438,-2.7903497,67.236465,-1.4886985,69.36626,-8.183689,81.94694,-1.3029151,111.31415,rock
36,38_ĐÔNG RỒI TÂY - The Flob _Official Lyric Video_,0.2700874,0.092592336,0.12059435,0.0027582312,1793.8458451237689,613547.2851257126,2332.2571820493904,369363.36322099477,4112.1834675224945,4234269.574733634,0.05568428157652864,0.0015491363959113551,3.267823e-07,0.014662293,3.753554e-06,0.0010341998,129.19921875,-183.73827,3828.3738,103.21118,1067.6597,10.010101,321.41153,16.911787,287.9876,7.9037437,306.21957,1.0506343,199.08232,-9.421504,150.28268,-0.8722022,169.48302,-9.250687,112.20379,-3.8327708,150.24658,-17.502264,121.77724,-0.16009861,104.82066,-14.094522,126.729256,-9.582119,78.04531,-3.1434958,107.26318,-3.8569298,92.47856,-12.6482935,118.44717,-3.7510946,127.17502,-11.067321,101.6732,-14.177075,101.02966,rock
37,10_Tâm Hồn Của Đá - Bức Tường,0.42037588,0.084061764,0.14367917,0.0012520321,2232.624058844672,138858.07128204603,2461.1516341101774,74896.3768874479,4810.425078684331,840117.4411903488,0.09418839493034056,0.0006617851142787137,-4.9519105e-07,0.011061735,2.901299e-05,0.0043685893,143.5546875,-69.4818,866.5969,91.5855,244.68672,-9.413881,165.3476,27.473017,129.7582,6.7893586,146.97801,13.2578335,74.6533,9.583085,88.79919,9.622477,59.739788,-0.48075125,55.145954,7.581121,46.26526,0.63894975,36.12447,5.491655,30.538826,0.13788801,31.501848,0.12239159,31.08198,-0.5851808,33.34502,0.65214115,29.434807,-3.576826,31.291843,0.010019757,31.63445,-5.327665,36.477066,-0.26962218,30.503553,rock
38,78_Ta_n Ti_ch,0.3276895,0.08588991,0.27363878,0.004765773,2318.6528477191177,392024.9414919379,2557.4761584147736,157828.7730038845,5147.18554233988,2099965.2701844983,0.09055935413844814,0.0011459145138689537,-2.6113232e-06,0.05435086,1.774895e-05,0.008143988,66.25600961538461,-19.037134,4240.1787,90.10461,725.8498,2.7823782,247.90797,25.03586,129.17197,5.693067,79.89188,13.682899,83.95406,6.182312,49.51371,3.5998676,99.51306,3.3358567,60.685455,10.986274,56.164776,-2.666248,55.08064,9.438552,59.867115,-4.3610415,52.184464,0.64694744,51.470757,-1.5506998,44.743683,5.0032544,68.53904,1.8536513,53.329983,7.443854,69.96299,1.2334656,63.831627,4.652431,69.340096,rock
39,130_CHUYỂN KÊNH _sản phẩm này không phải là thuốc_,0.34021845,0.091849945,0.15945916,0.0065912283,1859.7633928520063,312443.8303538958,2136.5899621560857,145882.11242103393,3860.5641556967153,1643426.460050393,0.08149742858697756,0.0014472534157204569,2.0650843e-06,0.012836369,-7.32572e-05,0.012376324,129.19921875,-110.785736,7629.54,108.04927,755.902,-8.573974,413.70865,30.449835,218.41019,3.7629871,146.34697,7.7846627,118.24074,-4.200551,105.297,8.235522,69.3295,-0.6404582,79.701035,3.6106913,78.41518,-4.093789,67.73943,-0.086178616,76.02888,-0.5094043,84.322426,4.0618863,66.07835,-3.222861,52.553097,-2.066498,54.372665,-6.02455,48.858795,-1.197288,90.03209,-4.2127786,69.958,0.7383318,77.52342,rock
40,63_Phai,0.31392056,0.090532675,0.10249656,0.0013918799,1731.4292080136631,360273.7514314906,2107.508947162761,159158.68897769522,3733.7107560952013,1751106.1892035247,0.06553097184597523,0.0011052056378751218,-2.5608772e-06,0.008172659,5.043282e-06,0.001313559,135.99917763157896,-157.97496,2761.2646,109.25579,713.6846,-7.245158,234.65074,30.540861,201.11351,-0.66131204,149.5739,5.3753977,97.65104,-3.488366,59.820625,-0.6077666,114.717865,-13.420389,122.56112,-3.5002203,115.15476,-13.864418,86.43432,-4.5242167,64.076126,-9.999826,64.06934,-7.1748,78.42327,-12.35551,90.6207,-9.234748,81.890434,-11.596894,73.29408,-4.385432,61.39417,-11.54742,70.52784,-3.492347,55.53521,rock
41,94_Bluemore - I_ll Be There _Official Lyric Video_,0.37125522,0.08219521,0.24514404,0.008268216,2211.9432112716904,363357.79118397087,2446.6218901272646,159250.97921528836,4815.05421735923,1991178.6569351212,0.08597737126306114,0.0014770696933157704,0.0014289573,0.05185299,0.0012021087,0.005006912,143.5546875,-34.144154,2937.2825,97.82069,703.0541,-5.6283298,265.7451,19.365435,149.52493,5.1760035,123.88035,11.734489,104.64164,-1.4838544,80.14209,5.9381623,54.872253,0.42371407,67.40025,2.914932,63.821266,-1.4932444,46.008354,6.402646,43.063126,-0.1580855,47.38069,3.2393062,43.31995,-1.7700441,64.679955,1.2478225,77.75552,-1.7546362,65.52662,7.5654144,45.835625,-0.5709332,53.125095,3.2981997,99.77606,rock
42,36__ROCK VIỆT - TIGER_ TẬP 5 - Vòng Đối Đầu _ POSEIDOSE - THẰNG BÉ,0.271954,0.09032408,0.17904651,0.003766941,1009.499712747207,372697.5895396891,1407.2911383197838,429868.9805291701,1696.2022432970928,2335283.525672828,0.046996881349167956,0.0007123358478130019,1.6730093e-05,0.02771085,-7.803705e-06,0.0024074186,151.99908088235293,-196.92786,4908.8623,173.93205,1639.8094,22.731668,621.7012,7.136179,285.47116,-7.2406564,458.4261,-6.75165,226.25851,-10.272249,170.73027,-4.0005956,142.10095,-17.416328,230.01877,-1.7380145,120.795135,-15.06249,97.227196,-2.6530657,97.34518,-8.567541,100.05627,-9.007565,95.291176,-2.8480365,72.57954,-7.4005394,98.33893,-10.220799,76.43261,0.50618666,74.75013,-8.54835,84.27294,-9.157392,73.21451,rock
43,16_Trốn Tìm,0.38075054,0.084430054,0.14700499,0.0012069629,2306.9863560394197,225659.55664909232,2315.163049522256,67878.1675149152,4614.305431259675,957412.0623965887,0.1133849908692918,0.001463727164817127,-9.3398585e-06,0.010824516,-7.66736e-05,0.0057549775,143.5546875,-70.395256,1961.5863,86.564545,599.6653,-15.38921,238.26161,34.74855,184.91026,1.0586213,135.19208,4.2594438,128.27419,-0.78048766,128.34796,6.21766,85.022156,-10.584624,102.96908,7.8467116,106.39956,-5.1425676,69.70763,-3.0474691,75.94383,0.63731074,92.69001,-3.8769946,66.122955,-4.167651,67.616005,0.13070764,61.016247,-6.685698,51.176544,-0.46771997,52.389816,-2.234502,54.01421,-4.018519,64.17151,rock
44,93_Nắng - Đau Đớn _ OFFICIAL MV _,0.37065282,0.081448264,0.24362168,0.0035218624,1646.8903189024193,349411.8452395495,2232.8416175787274,241227.07010575657,3766.1772264415636,2216223.00780209,0.05262402041408669,0.0005858621741581167,1.3374104e-06,0.03968949,0.000298253,0.00926388,69.83741554054055,-75.71952,2342.2332,116.85826,989.48285,14.04936,199.48103,40.300415,138.12971,14.233293,112.016396,7.261392,93.081314,1.1727004,102.10824,5.518678,79.32047,-2.4172404,84.28716,4.7790513,81.203636,-6.2108936,55.935093,0.13435057,49.5579,-7.433192,63.23456,-0.8739819,45.134247,-4.98232,59.914673,-2.1873531,48.304768,-3.3220804,45.413887,0.71603554,33.217182,-3.7163951,44.424026,1.8807014,46.503105,rock
45,49_Những chuyến đi dài,0.3946062,0.08698689,0.27023914,0.00325946,2180.2377634333984,164295.81598126338,2381.350262987936,62397.83703144139,4634.184477720467,767013.7261226826,0.08708110608552631,0.0009658607516631409,1.6728345e-06,0.042692885,5.824676e-05,0.012637795,143.5546875,-13.544725,1079.0172,90.997826,294.76718,-6.970986,192.62553,39.480827,163.2427,6.4122343,89.67422,12.327927,62.95307,4.3946886,81.1105,7.0042796,54.388,-2.3646758,56.446705,6.313952,47.78598,-1.9441555,51.749863,4.298889,38.301376,-5.787161,39.730938,0.03617573,31.716518,-3.9046507,34.019207,-1.5871834,36.39996,-7.6642804,37.53414,-4.710091,46.960003,-3.2289898,41.826073,-1.5043617,60.06837,rock
46,33_Mấy Khi,0.36557525,0.084621474,0.2025936,0.0020194268,1567.8884501496757,188621.49760892658,1949.6309182969883,120393.88626427298,3173.4266440565743,1100024.0273861524,0.07280776079963236,0.0009565648248483956,-1.6938113e-06,0.030327782,-5.983065e-05,0.004694551,89.10290948275862,-89.645996,1639.162,125.57094,552.80444,-12.1992235,287.70612,32.388393,118.27143,14.732078,149.70775,0.39864314,134.17693,2.8635015,112.47875,13.153839,76.69746,-3.673734,115.30721,3.7701254,146.59682,-9.74063,59.859364,-4.255706,65.454155,-7.6031075,65.337524,-11.538324,55.957,-7.414729,61.57268,-1.295108,84.35668,-11.490419,66.52902,2.7820048,78.869446,-3.199972,69.27304,-1.5968719,79.38705,rock
47,108_CUNG ĐÀN MÙA XUÂN _ NGŨ CUNG Ft. TRỌNG TẤN,0.39945626,0.08542963,0.31703067,0.0042492435,1730.138393053137,153046.56756372337,2030.3572542800289,109636.51680286464,3561.278465436339,731346.25471621,0.0733629350691757,0.0006676307939742327,-4.7310903e-05,0.05711881,-0.00039597315,0.01527895,143.5546875,-23.279366,1041.387,116.26796,448.5096,-19.938625,224.20917,33.950966,172.62968,9.1406765,145.45723,11.910468,74.28323,11.397248,94.474,12.883381,77.58485,-2.6370287,105.402245,11.580746,80.64245,2.535534,73.653114,2.635343,47.825356,0.39050284,51.639767,-0.14905338,44.363396,-5.08892,48.168224,2.741522,57.394913,-0.22143877,77.812805,2.9141555,71.61367,-2.4834454,74.07625,-2.2343438,57.275875,rock
48,18_Wait - Oringchains _ Video Lyrics Official _,0.3345713,0.086287715,0.20358947,0.002131301,1316.2257860066718,394873.2749230981,1910.4985818547325,343083.231466945,2547.4137628041553,2911197.098071718,0.05135607645607585,0.000830513849898889,6.3651635e-07,0.027550159,5.9734693e-06,0.0064839027,92.28515625,-119.823166,3391.0117,150.01997,1233.7246,14.030852,345.51465,0.9116891,236.05861,12.079021,172.03915,14.870794,133.11165,1.5297353,96.34663,10.426957,73.691864,-4.97555,82.839645,8.339273,66.52645,-0.32155216,103.72555,6.465723,55.340557,-6.3913445,74.444374,2.0392742,64.68034,-0.6453949,53.438152,0.7108725,59.901157,-5.3110557,57.829166,2.7123609,57.511055,-4.363783,51.357586,1.7217717,65.89372,rock
49,6_LÝ KÉO CHÀI - Huybothai x Cao Bá Hưng _ OST Thỏ Bảy Màu và Chiến Tranh Cầu Cá _ Lyric Video,0.36815286,0.09437989,0.19492808,0.0057529984,1970.5865817313304,286554.29803452885,2298.4355398830758,112871.16157396,4322.253030593919,1425560.7357001505,0.07504716524767802,0.0012012482178498127,2.244039e-06,0.01724723,-0.00027303884,0.014417858,151.99908088235293,-92.26141,5396.9995,94.98955,551.81445,-3.3439598,254.94524,30.01551,259.41147,-1.1534945,216.46855,13.105934,182.51216,8.257615,138.14854,11.380801,135.50058,-2.9311674,104.96065,11.779276,110.436676,2.54339,72.050316,5.7349224,77.66929,-0.66182977,74.088806,-0.8943422,79.89362,-4.7444215,79.8102,0.93858165,50.110348,-6.4565544,64.6918,2.5357373,69.17537,-3.9530609,81.17413,-0.1712093,67.45389,rock
50,45_Mùa Hè Đi Qua,0.33079076,0.08644667,0.24641338,0.00158289,1981.3661189885665,195530.94013048994,2229.9628743488665,94494.98645226187,4290.1782245458835,1199788.990157898,0.08346737132352941,0.0007503360287345535,-8.855783e-06,0.04259832,1.28841675e-05,0.007285463,89.10290948275862,-36.75022,1173.3208,103.99955,376.69443,-7.896068,209.2053,25.869331,125.084724,1.7057757,117.60155,21.029938,92.456924,-11.611946,98.056305,-5.225228,67.41878,-3.6820352,88.765045,13.968303,82.478485,-1.4158083,58.409588,5.3065486,56.356453,-2.3585434,54.954445,-1.0280321,48.381523,-2.71005,60.264404,3.219134,52.708614,-3.923282,64.13128,0.30239925,50.71771,-2.7082193,59.394035,2.3572295,80.23591,rock
51,29_You Were the Only Good Thing That Happened Last Summer,0.28554928,0.08877566,0.1369106,0.002538063,2075.8941259542494,472209.70449614985,2252.925999002433,140122.30772523084,4288.978231802075,2037917.6104179367,0.08680144035410217,0.0022721311378504595,7.900539e-06,0.015185259,2.1463735e-05,0.002221223,135.99917763157896,-130.95224,4928.1313,91.61594,906.2593,-5.979768,301.5777,27.749819,388.75363,-10.037419,245.36024,-4.5312757,229.18929,-11.368673,156.38564,0.5873907,154.71205,-24.765337,202.17238,1.7783345,183.52231,-17.075516,123.73063,-9.546637,106.242455,-12.521136,92.097244,-8.476013,100.016914,-15.254371,98.14752,-13.649419,120.00532,-11.879668,95.22019,-10.497715,97.82543,-8.431168,102.25196,-9.855125,122.181625,rock
52,121_Hết mực,0.3668391,0.08635954,0.18161999,0.0035796254,1300.867387903732,250761.41799655123,1822.341689070596,245563.67113056808,2673.2338353207238,1838628.5032294067,0.04655111684887771,0.0004154837797709795,1.1537243e-07,0.02395328,1.5327583e-05,0.0052843005,117.45383522727273,-130.091,3692.483,142.60652,933.47424,-1.9579084,270.61597,29.3162,231.09834,16.967728,211.57053,5.525215,130.54614,0.7951512,94.243515,3.0057595,79.33548,-6.641369,87.65292,5.1589236,62.754475,-6.3402042,56.14842,-3.7998312,58.42631,-10.33793,48.732574,-3.0596619,69.4729,-9.657201,44.880978,-6.706871,69.502975,-7.238098,49.581806,-5.5487714,53.93959,-9.351371,51.782845,-7.1256313,46.65406,rock
53,110_Yêu,0.31258658,0.08747089,0.20471115,0.00396749,1813.8513557807273,543602.6164967117,2241.060531259268,178125.8347562437,3924.230437382087,2458544.6630374077,0.06546407882643189,0.0022026159428511754,4.0747896e-06,0.03508114,1.3387148e-05,0.0039896825,83.35433467741936,-104.16888,3606.4087,100.93687,991.35834,11.974991,358.09235,38.170162,327.31,9.527206,193.07318,11.764982,138.02493,1.0818771,144.1818,9.57604,120.63443,-6.5739903,111.79961,1.373315,106.82391,-2.2941253,107.27956,1.2835435,70.42933,-10.0078535,88.305305,-8.720938,110.59225,-2.7856612,100.71489,-1.1892204,87.07715,-6.638445,86.76753,-2.4153113,80.18621,-6.866145,81.05107,-4.1239123,88.33129,rock
54,117_Hiệu Ứng Trốn Chạy,0.330497,0.08492265,0.22755982,0.003350879,1522.5300486050887,411779.6250835914,1937.6594984910892,357089.81584524346,3138.0560246045375,2616624.8342567636,0.05822508253918344,0.0006163337960144983,-2.3401408e-06,0.038913228,5.3994725e-05,0.005596558,143.5546875,-87.117424,5149.3296,136.24234,1675.6714,-4.8378115,282.58377,23.590815,191.26454,12.620207,209.33165,2.747788,139.66028,0.68969923,91.534,3.6934175,68.12707,-1.3498352,86.28721,5.0240693,67.86037,-5.5195804,68.330734,1.3072895,63.753307,-4.2995176,46.80488,1.0796826,58.15343,-2.6961198,81.355865,-3.5815482,59.851562,-2.2276886,57.154884,-0.94298166,63.65652,-2.7262077,62.98452,-1.3708676,47.279728,rock
55,1_Tựa Đêm Nay,0.35214218,0.08305522,0.2049881,0.002659223,1807.0453284502194,301244.5029991555,2246.3842671311336,241179.07175838563,3730.094111297891,1849655.5982036672,0.06918382201770511,0.000649337448971492,-9.422086e-07,0.029828848,5.765515e-05,0.0060660136,86.1328125,-77.65579,2639.164,114.93005,666.21265,-12.277465,347.40924,27.638227,332.67917,25.942818,158.92555,0.2730948,113.153206,5.6061893,84.35475,5.585859,66.189545,3.0303576,78.36207,0.44089907,67.87265,-4.044072,55.46026,0.6606678,53.804283,-6.324476,59.27104,-3.0941594,52.031498,-7.7728677,64.46075,2.0504305,54.050346,-12.110395,54.770092,-2.0118222,57.816933,-2.059175,61.42946,0.572591,47.920326,rock
56,19_7UPPERCUTS _ SEACHAINS - NO INTERNET,0.42932573,0.08102722,0.20331122,0.0049783224,2585.0014503389875,407720.4970437171,2411.0049592478736,83690.1458645057,5048.669471386416,1304983.8578345776,0.13365678816756965,0.0034260480739307323,1.0649309e-06,0.019598097,-0.000115431285,0.012925113,95.703125,-43.912685,3696.9822,71.35418,728.63513,-12.130635,452.8033,41.898117,302.2261,4.6166806,287.44354,7.103478,306.70728,5.2646255,161.25839,4.796776,120.969185,-3.0007071,199.31346,11.445645,164.9367,-4.287912,110.42461,0.029703997,82.409485,-0.6747987,77.59417,-4.192435,75.68111,-6.7085295,81.2682,-3.7923822,65.35867,-6.7454042,58.591778,-0.8597875,60.78495,-6.211492,59.431137,0.022676922,78.42376,rock
57,37_Em Oii,0.35386193,0.09116776,0.20130564,0.0046419147,2067.7066081170465,300123.45537990687,2191.658826960635,209770.88807333572,4281.190778891738,1818993.2376380984,0.09633558527234908,0.0010348321947150352,-1.4534757e-07,0.022576908,-0.00017786639,0.010597383,83.35433467741936,-64.34799,7941.274,99.84891,654.982,-18.001898,429.4972,15.292416,275.67456,-4.798822,155.01183,4.9018855,230.96977,-2.7500885,136.05075,12.809048,119.57411,-3.144979,103.66931,4.913003,97.654655,-2.8307526,76.752625,3.225827,60.636913,-3.2845936,66.08799,-2.2177238,71.63636,-4.881644,54.755272,0.71625584,48.97356,-7.581475,46.97056,1.8198378,64.03946,-5.6730866,76.67967,-3.1895235,69.36981,rock
58,81_Em Đi Xa Tôi,0.39489523,0.08582147,0.14794527,0.003095016,1661.8538815428599,334102.742869748,2265.8876996223826,205630.46832349952,3722.8649883447415,2582287.7717953627,0.052469070481811146,0.0007377683143415351,0.00015233549,0.012433753,0.0019932974,0.005934636,129.19921875,-128.55824,4723.9937,116.310745,750.9448,11.7192335,353.56464,27.664455,203.18036,13.436082,131.7469,14.45856,87.95436,4.3489776,72.35791,11.437946,54.987514,-2.6610937,59.42973,5.072795,47.952694,-1.9683625,46.61107,5.3032084,37.690292,-3.0247965,34.77099,-1.9693946,39.275436,-6.8398967,41.47239,1.9597362,34.728317,-0.61445343,40.491505,1.4521266,32.65961,-4.6215005,51.83188,-0.3764701,49.403328,rock
59,5_Cá Rô,0.278379,0.08667916,0.171188,0.0019616168,1566.9551940240679,506796.76819553814,2188.693774473214,483205.12028020876,3355.4338768170715,4451044.091499433,0.05550608915441176,0.0008460146289687189,7.4907877e-07,0.025212694,9.944429e-08,0.0016411928,107.666015625,-147.69102,2999.586,128.67758,981.3358,9.951962,258.13092,6.56206,281.5558,24.951925,159.46645,-10.435591,157.26128,-4.0250344,104.683205,-1.8495648,115.232124,-20.30681,94.63589,-4.967089,94.2409,-16.621798,65.21574,-11.646794,72.64259,-18.356653,67.54696,-11.599928,67.30517,-12.792187,64.63921,0.50826126,74.57403,-17.282305,74.96989,-6.104024,64.39485,-7.3627257,94.13725,-6.5393286,75.13919,rock
60,14_Duma Song,0.37282014,0.08012297,0.14412022,0.0030968825,2357.1327635241337,137225.7709625207,2178.056835810808,96523.91649594043,4397.910875191717,794043.053271356,0.13073455872955012,0.001082386405125765,-2.4915503e-06,0.014407887,4.8737293e-05,0.0034956627,80.74951171875,-85.1307,17391.566,80.516815,721.18243,-33.96356,362.02347,27.06986,266.40134,-2.1457324,100.66846,-1.1264322,117.78542,-4.8511605,141.28078,4.45681,126.26047,0.154999,85.34981,8.29245,93.32021,-2.981569,64.39109,6.9049892,83.32692,-0.8135363,61.214756,-1.4985911,76.32801,-5.0751495,51.638294,-0.1717669,42.10113,-2.5328903,39.140064,5.863587,51.55142,-0.36815482,46.497917,2.2217262,51.161114,rock
61,44_Hoa Ban trắng,0.35102847,0.08662777,0.30419135,0.017823577,1880.2597694348422,639495.7802874648,1885.3313663897736,308336.9287820506,3669.686143243276,2496618.4791962844,0.09864868541989164,0.002720571271899854,4.0459534e-05,0.064974464,-0.002015471,0.018813198,151.99908088235293,-48.476917,11911.317,109.94113,1940.5757,-22.655432,551.2346,38.569023,324.39014,8.03387,161.30046,8.783921,104.079445,1.338244,83.32364,9.813794,120.81639,-1.8125298,100.83241,2.7344866,79.1549,2.0623248,86.72675,3.9647932,103.92688,-1.3094311,77.93454,2.0415375,66.88444,0.33879197,70.240074,1.9738294,76.9234,-4.160793,59.028675,-4.464143,79.66717,-8.360781,74.457466,-3.5045326,90.167786,rock
62,34_Ly Qua Keu,0.4305127,0.083736934,0.19025606,0.0022082434,2739.8179841396504,135988.81880709197,2428.3837643954666,47040.91175733456,5181.7186668561335,592292.7233410992,0.15551342093169504,0.0014603949748965516,-5.687839e-06,0.016286438,-0.00020504968,0.009157325,117.45383522727273,-10.242007,769.11615,67.46735,272.45844,-27.65562,175.19391,29.59187,290.86282,-2.8851247,171.21777,5.5328064,77.09843,4.920794,134.96634,4.861633,60.358505,1.673149,97.41007,8.319775,62.441647,0.06610372,50.509224,3.1471798,64.21782,-4.1004887,44.529182,2.5571902,40.839397,-3.7630575,39.797115,0.9817403,37.181477,-7.447568,34.985287,-4.404949,36.751854,-2.5447454,41.16153,-1.9241536,48.247013,rock
63,89_Vùng Ký Ức,0.36604497,0.08604586,0.21109349,0.007955867,1905.085433087491,314948.60093164915,2265.423311069621,174434.9779934738,4070.879550614962,1688341.845882142,0.07270099651702787,0.0010915566209893039,9.4561965e-06,0.03536122,0.00017067112,0.007365755,99.38401442307692,-75.81502,5364.3945,105.33995,684.9343,-8.549482,393.70587,30.060976,193.40128,13.909343,104.18527,11.80842,80.1561,4.9495406,87.809784,5.0018578,90.50895,2.4713297,85.73109,4.24173,69.09172,-4.661961,54.093,-0.92147535,58.078148,-2.4814093,53.597656,-1.7012862,42.348824,-5.253293,42.12774,-1.4022301,41.054047,-5.616312,40.465317,6.7929673,40.57432,2.5217533,53.313152,-2.7351716,52.531612,rock
64,54_Bức Tường - Cân Bằng _Official Music Video_,0.4414282,0.08487236,0.12973988,0.002113602,2240.9587189035533,539306.1063857788,2457.150739094016,156095.0635147885,4891.887086094717,2177557.012641692,0.09029083724361456,0.0026368446771167686,-4.8130194e-05,0.00917779,0.00013079762,0.0042507993,123.046875,-110.35997,4857.5215,90.429756,824.98016,5.818127,488.34125,36.286697,221.2151,1.7425601,135.64563,17.759205,127.75314,0.60344887,105.63886,4.27022,87.64081,-2.7859936,98.81566,13.889718,92.93247,-0.5275604,57.32857,5.4885306,66.65189,0.22125366,54.152283,0.74142104,51.47036,-3.6403415,52.50655,1.4644959,54.77109,-0.5531669,37.66747,1.3885199,39.345627,0.40385607,50.776737,9.211107,87.592865,rock
65,88_Giọt Nắng Bên Thềm - MTV band,0.34470558,0.091199845,0.17535368,0.0063406513,2070.6201376294684,697297.2918569123,2247.107420837933,232339.66439713468,4276.874138327206,3425276.8971798546,0.09105821733504257,0.0029365194820546114,4.2058755e-06,0.024828453,2.3507882e-05,0.0047980836,95.703125,-103.07079,7769.8945,101.61206,1554.167,-3.480695,292.84003,23.818327,321.23862,7.0792694,210.12881,3.25505,155.04564,-0.8265605,147.89551,12.359337,106.10621,-9.102165,202.18744,13.583711,173.87769,-4.379565,111.74365,-1.8198261,108.061386,1.0753402,92.296234,-3.17655,87.03835,-7.5414305,69.975876,-1.0539628,95.01904,-8.226341,81.44161,-3.7583003,95.725006,-4.2389894,68.438446,0.4748684,112.7327,rock
66,72_Vượt Đèn Đỏ,0.42235896,0.07895382,0.23648463,0.0055486015,2202.8757253796866,141426.6396676824,2244.0528841416026,103161.53747503478,4550.451650708083,650163.4837262585,0.1093549698868034,0.0010022195916890718,-1.703311e-06,0.023406444,-4.540818e-05,0.016028106,78.30255681818181,-16.059725,2196.8228,98.430565,377.659,-16.62318,522.6336,41.38352,184.98198,-6.7476196,164.46143,8.92693,84.4177,-0.1642673,80.038284,4.905245,59.64163,6.072169,76.17878,6.0569696,81.179825,-8.203396,47.146515,4.534945,58.988697,1.1917053,43.698017,0.22940715,39.989933,-2.3373475,36.237247,0.8744483,36.630024,-7.0775595,39.17066,-1.4129887,34.284622,-2.404043,42.00059,1.178294,42.650772,rock
67,95_Tái chế con tim,0.30532858,0.09085015,0.28621396,0.0055692866,1582.5311208206447,262360.9187180661,1930.266123688601,161963.409308115,3254.626153054252,1544388.7327891886,0.06251455017656733,0.000907488532248606,2.6862806e-06,0.04644155,-0.0008399791,0.02040781,123.046875,-62.972015,3424.328,126.11281,920.7171,-10.528681,303.25372,26.568825,240.97922,2.2293642,144.53815,11.488424,117.499954,-7.894022,102.311325,-0.50766706,105.59987,-7.7916255,99.07799,-1.3585411,149.29884,-3.03347,115.14017,-4.5009346,98.97144,-4.5546126,94.71118,-1.739771,85.59363,-8.544439,65.76389,0.8777991,88.59924,-7.936182,93.09881,1.3794544,104.78571,-2.9030452,94.36896,-2.5897968,86.24051,rock
68,31_Ngua O Thuong Nho,0.4264198,0.07931972,0.21294953,0.0017881069,2560.1735805980406,99022.97862380286,2295.1358295359014,57213.49635720795,4790.421032979392,418388.61844056344,0.14764517674874225,0.0013649143588679597,5.20806e-07,0.022491502,-6.0549382e-06,0.009541571,89.10290948275862,-4.1955047,682.94135,73.47129,256.171,-31.96427,319.80945,34.968697,274.23355,0.45514426,203.07619,9.046174,78.23789,6.1211476,84.5753,8.624596,58.61019,7.2613826,76.013504,7.4755406,60.09803,1.2102845,45.80204,4.0803285,36.846714,-4.2092385,40.39101,0.4235182,37.31352,-3.8315384,42.233818,0.42842165,44.21095,-7.823667,31.41985,-4.8019323,38.980106,-0.48206678,43.032295,-0.7524564,48.71651,rock
69,66_MICROWAVE _ SAY _Official Lyric Video_,0.4436384,0.076118216,0.22981673,0.0040670983,2199.023721298182,267910.943184461,2382.1342628441053,115719.32327144974,4668.088439374516,1428500.5984968408,0.09160299862132353,0.0012258640584605267,-8.5381425e-06,0.03374346,-7.3026815e-05,0.00861144,112.34714673913044,-27.517914,2117.2754,95.16088,577.76685,-9.892305,203.35591,31.638393,162.02148,5.833995,157.87868,6.807598,118.747,1.4843056,73.28954,10.735652,57.935566,-1.895032,83.042496,6.358843,73.61301,3.7068002,63.35523,5.787298,47.564255,-0.11780409,40.596615,3.7227938,40.547924,1.7160014,39.591385,4.8999505,32.923622,-1.3251933,41.08234,1.0926088,34.447227,0.36871678,38.675232,4.387873,45.65557,rock
70,39_Sô_ng Sai,0.3576313,0.091292135,0.19282444,0.0047831405,2458.3021612912107,814215.2937900149,2585.3463758539174,330091.59008220246,5481.279355453633,3851371.5540747214,0.10431248337122678,0.004194006923515823,-5.0775265e-07,0.022785584,-2.055034e-05,0.008221211,89.10290948275862,-73.134445,6414.085,88.62228,1379.3806,-2.0548377,616.3555,7.651388,538.5861,8.997174,198.21469,9.646874,182.18968,-6.4436135,207.4666,1.8170218,133.95595,-4.650022,186.60777,0.8657115,127.09724,-8.280958,105.08613,7.100944,84.649376,-4.3628364,79.065575,0.42275137,69.38432,2.750985,72.918335,-0.9738852,69.29785,-7.1961236,64.23392,0.49328226,72.98601,-5.749353,67.42248,-4.6987386,94.004944,rock
71,24_Chờ người nơi ấy _ Rock _ - PAKband Phạm Anh Khoa _ Rockstorm 2014,0.3113475,0.09023955,0.03710588,0.0009831855,1406.0927252104725,311163.94202908553,1618.085024599683,235511.26030678803,2692.5628851072706,1590203.7273246169,0.06989054487954721,0.0015831284590913806,-8.148293e-08,0.0013987896,-1.3312323e-06,0.00039705902,75.99954044117646,-309.07294,7166.2617,127.94833,948.43866,-18.17017,967.042,6.4493504,394.12344,-6.529271,273.91687,-12.530721,266.29602,-6.4291553,136.56801,-4.152913,135.49619,-17.65842,173.00778,-3.5475092,88.4401,-5.722327,98.96537,-3.970612,69.36153,-11.911467,76.49765,-9.266614,68.62829,-11.831623,62.208797,-6.288136,55.29269,-11.404318,55.818184,-9.471277,58.79489,-8.190946,52.71225,-7.7621903,61.491673,rock
72,46_CƠN MƯA THÁNG 5 - BỨC TƯỜNG - Lyric,0.28515115,0.088687174,0.18667975,0.002398791,1502.4058035863343,277141.74113340734,1803.8727201644494,158441.79099427076,2997.8735389355165,1182923.6355991925,0.0689670810758514,0.001164962948674075,2.706947e-06,0.030648068,2.9958348e-05,0.0020228913,129.19921875,-121.66863,1613.2523,128.09366,741.15314,-14.015023,316.65228,30.743195,128.5456,10.701639,247.21938,1.8799335,264.2229,9.546288,205.07745,4.6771207,107.77143,-17.33028,244.45921,5.0453963,171.0395,-8.4489,105.70241,-5.8802376,100.36247,-8.396849,90.96997,-9.977875,73.184364,-10.885338,114.972466,-1.6468672,89.461205,-12.882534,76.50226,-8.869048,80.0794,-8.678292,97.21862,-8.069452,107.59977,rock
73,35_Cuối Ngày,0.31383312,0.09247172,0.13662235,0.01033279,1255.621299390286,477581.2259477069,1658.6750591957373,430795.6218972752,2373.3439820469716,2545695.208451732,0.049334735693208204,0.0012729580703853942,-7.1936165e-07,0.018833233,-8.1892385e-06,0.0045236587,151.99908088235293,-193.15529,7057.636,140.72012,1310.774,1.9239702,409.00192,1.8528097,222.7948,13.762535,196.87701,-3.6928616,209.22934,-3.0417442,189.265,-0.067138106,129.74554,-14.938337,147.45804,2.4370735,214.66377,-11.110047,91.6942,-1.3893062,97.219986,-5.5091996,89.194466,-7.169736,59.345783,-6.1904917,74.48337,-7.4621997,79.52739,-9.995618,73.849434,-4.0038657,73.28074,-7.514243,73.9807,-5.259413,69.0191,rock
74,15_Wait _Bonus Track_,0.33460283,0.086446926,0.22910415,0.0026906014,1317.781029368817,392519.2585804152,1912.9333341138483,333122.33197305823,2547.080431486431,2867383.039337447,0.05124156467685759,0.0008322970715118835,-1.4055855e-06,0.03493329,3.6799025e-05,0.008217011,92.28515625,-108.85799,3367.3328,150.62807,1236.2632,13.343248,344.01935,1.2332771,237.0237,11.749753,176.85822,15.297897,141.23686,0.98628145,97.866234,10.92907,72.53367,-5.3982925,85.534935,8.50733,65.53998,-0.68565387,103.43798,6.755465,55.998814,-6.5698643,73.682625,2.1825902,64.68505,-0.7303596,51.046783,0.5488366,59.047432,-5.366233,59.392704,2.6850119,55.802013,-4.225365,51.29847,1.6272887,64.68702,rock
75,100_Dà Thế Là Yêu,0.4369422,0.0808957,0.22499661,0.0026425167,2394.9943506584586,139288.58423452664,2519.9892654321034,50733.82640173115,5203.26853654702,646244.6350261357,0.09835371365857198,0.0009753169617629789,1.3520735e-05,0.026264202,-0.00016889683,0.010445122,123.046875,-28.200884,2099.5952,79.98526,221.44733,-3.8780832,203.62848,37.220848,242.87807,4.664117,180.78734,15.428983,63.29124,2.418496,61.62474,10.173696,52.220795,0.43005362,88.46889,9.315168,59.168938,-3.6180756,47.14331,5.6725264,64.429504,-0.4083528,53.67876,0.016794115,40.55974,-1.2982723,41.669983,5.475605,46.352554,-2.4876523,39.063026,2.4649,46.68631,-1.54842,48.51199,1.9024332,40.949013,rock
76,3_Nếu Ngày Mai Tôi Không Trở Về,0.3786339,0.089223355,0.135217,0.014575232,2018.2665033381986,643771.2236266524,2170.2523890366106,165876.4037185659,3935.313703696425,1877510.8717278976,0.10396611358359133,0.007320773723336181,-4.401008e-06,0.023613356,-6.28763e-06,0.0033812793,135.99917763157896,-220.483,45604.934,87.17887,1491.8118,-4.851332,506.341,12.734551,412.2019,2.9211993,131.99092,-2.3566248,175.3604,2.0290914,112.63823,-4.7622175,90.16714,-3.6288967,128.15355,-2.4444437,58.109665,-6.5012345,69.6474,-3.3128793,54.008682,-8.940766,90.320564,-3.149938,45.546066,-4.860995,53.36515,-0.25451434,44.273735,-9.924472,65.72087,-4.4892898,38.269203,-1.5368052,43.38989,-1.4873925,35.852646,rock
77,65_Chỉ là giấc mơ - Microwave _lyric by Viet_,0.37908527,0.09013556,0.1937482,0.0055749905,2507.7295492391618,436038.1551185029,2595.5171229173025,108849.48928971434,5363.0050706420525,1797752.0640897884,0.1109689057057856,0.002635435835698924,6.1147284e-07,0.01936733,0.0006040233,0.010440231,92.28515625,-49.51793,6390.404,78.905045,475.2869,3.5142584,439.564,37.513767,146.22256,9.568081,104.50054,4.357944,117.88593,-2.7559168,68.78295,4.8169127,49.417297,-4.2245293,65.20158,5.6771884,62.36877,-0.534523,45.711864,7.3172874,39.621082,-1.4304461,41.028008,1.5045747,45.25254,-0.23833969,37.514263,0.65244126,30.66307,-4.6625614,38.553703,1.8099773,35.268486,-1.4151118,33.019028,0.5224545,43.955677,rock
78,26_Dopamine,0.4043561,0.09086911,0.077587314,0.0046399375,1843.0129978906662,633056.630847461,1775.7277196944628,327970.7329052408,3568.2159234864794,2702051.969645544,0.09907801011029412,0.0038416199162236075,7.502708e-06,0.0041836286,2.327908e-05,0.0038156176,112.34714673913044,-217.71797,12853.887,107.24088,1240.1444,-23.591839,1837.0232,28.574617,591.2624,-2.448468,496.2924,4.119771,636.6463,1.083469,309.17047,0.9138565,153.05978,-9.725554,169.86823,-4.211352,173.83101,-2.65107,92.47727,-1.2861289,79.54776,-5.041269,86.03995,-3.8596327,65.58912,-3.6540897,64.79317,-2.9898522,74.39321,-5.89447,72.24512,-4.346912,56.946194,-2.1716647,60.957726,-2.8846123,44.274055,rock
79,104_Ta Sẽ Trở Lại,0.3705498,0.08498277,0.23332843,0.0017008933,2196.41965779448,303351.0491786109,2377.2614292685544,121998.33430682651,4873.6205298834175,1333430.2929768013,0.09382293984616873,0.0014517846435040224,-0.00010637772,0.033718083,-6.3379307e-06,0.008299172,129.19921875,-28.803133,1535.2245,94.72054,554.4038,-6.0021563,295.4027,32.489033,247.79832,-0.4824864,117.74582,19.143623,79.87907,-3.177965,83.92242,1.0852559,62.84867,-1.2923737,85.37047,20.035326,72.382454,4.2808204,48.210033,0.7175017,50.43458,-8.681588,48.77892,1.0115786,48.98447,-0.42493355,48.05231,-2.5327628,43.00638,-0.0962005,44.918484,0.3111943,46.820705,-7.6693945,48.75622,4.312188,62.231323,rock
80,127_Bartender,0.3384361,0.0955879,0.10173036,0.0023272403,1818.5024767147918,641306.1582284566,2139.2701937789707,362728.5989726042,3935.0012055860584,3494764.8520173347,0.06910559119823917,0.002305355966801014,5.1505353e-06,0.008181793,6.847902e-05,0.0020159478,83.35433467741936,-190.27263,8233.992,99.61857,1260.3105,0.34562773,849.98706,35.301693,374.55936,8.531271,389.29083,10.765031,276.24237,3.3968575,174.13242,10.296653,100.35129,3.0745363,87.605156,4.906136,107.76414,-1.141776,100.09181,-1.2645957,78.313354,-6.9685044,82.44719,-2.1991262,65.837555,-9.971287,80.59277,-3.0703204,73.192184,-7.285301,74.34584,0.68575263,107.37113,-4.479413,108.21615,0.097366005,117.08046,rock
81,23_Nỗi Đau,0.33787104,0.08574816,0.22503553,0.011203664,1957.6798970039117,415071.01196388714,2098.3673718956397,206003.25734296418,3981.842589009288,2089224.5875797677,0.09575679058630031,0.0019957981229915068,-6.5857153e-06,0.04360682,0.0006837781,0.007228488,123.046875,-81.06293,9120.662,100.45402,1162.074,-11.037891,477.11136,37.927563,257.07837,5.6785655,97.411705,10.445927,150.84906,-4.0863156,150.74905,4.1835065,100.832695,-0.60013807,152.80496,3.6601427,139.43983,4.243394,112.64967,1.7831924,120.43029,-6.120539,84.010735,1.1985848,82.79907,-4.905377,105.23357,-0.13050583,89.09987,-5.6985626,106.54917,-3.511576,112.71079,2.5591116,96.16246,0.9435536,83.667755,rock
82,58_Tự Do,0.3472607,0.08307496,0.26855364,0.00153694,1858.7274315535371,259410.451875958,2219.303635781992,135003.88124011984,4059.496286114672,1843465.738878331,0.07204227034152477,0.0006919736940921148,-2.7823324e-05,0.047637973,-4.1103194e-05,0.009021245,129.19921875,-31.658813,1546.3357,111.74227,612.22003,-2.9942548,248.40543,28.565699,126.97636,6.5928125,93.03695,16.018581,90.11109,-14.938841,75.08515,-0.19148183,48.653187,-0.5240217,62.31175,11.368889,52.871147,-0.36647326,43.95698,6.7804656,54.052994,-6.4836063,49.683487,-1.1971266,39.60247,2.7560246,53.848637,1.5629343,47.863506,-0.64265156,35.162556,0.49958816,45.605354,-4.038776,46.835922,1.6916311,58.421234,rock
83,131_LẦN CUỐI _đi bên em xót xa người ơi_,0.2868844,0.086062506,0.09106658,0.0008258441,1440.494558364474,216040.21672741885,1876.3192591998015,190844.38099786156,2923.5948214220925,1567239.7275457866,0.05878781534200851,0.0005129823765096294,-5.0056065e-07,0.0073339483,-1.3948669e-06,0.0005034005,172.265625,-190.47672,4070.2969,132.14142,943.0273,2.1984634,327.28192,24.331947,199.37675,-2.3531425,154.65717,6.1807055,207.97736,-9.247159,180.298,6.37837,140.09921,-8.496983,129.74422,-0.28368303,115.94684,-5.416376,96.824425,-1.6857653,134.05923,-6.7518964,99.02934,2.7015438,85.199814,-1.8519002,70.95856,-4.363533,111.90753,-3.0140421,74.46619,-3.3405375,135.4025,-4.961962,84.49873,3.74439,87.88754,rock
84,77_Lý Bực - Vắng _Official Visualizer_,0.46052027,0.07064022,0.2322019,0.0023169832,2486.683726925466,182136.4320030562,2631.000456402657,63978.3430150888,5523.1041025451095,960876.1631241037,0.10543228007691563,0.0009997830841888512,-1.6892217e-07,0.026313087,-0.00068672514,0.00959685,99.38401442307692,-5.49514,1194.0765,84.783485,279.9792,-0.8473241,159.09238,27.786903,99.976006,3.7094183,89.283806,14.465397,55.973007,2.070322,47.25117,5.662405,41.787697,-0.6439427,47.373344,8.395293,42.621777,-1.0458254,35.29346,6.6744704,31.485523,-1.6487436,29.980003,1.4332706,37.697838,-0.58930635,33.767834,3.041083,31.685892,-2.3265586,38.873844,2.5347664,34.919724,-1.4723263,31.90533,3.991969,36.80009,rock
85,114_Tầng Thượng 102,0.32828653,0.08917768,0.13899764,0.0032335096,1560.7258866423747,334785.42209232063,1964.2953642078621,191186.28156440833,3196.9806682952785,1980476.975247612,0.06221013024864551,0.0008798036169261489,-6.684136e-08,0.01406214,-2.2979599e-05,0.0041333484,103.359375,-132.12321,4689.523,129.51756,1002.22504,-5.4214168,265.2596,26.269455,210.04424,7.991078,227.13591,7.9309983,189.21237,-3.3395817,93.62262,-1.5084081,69.30837,-4.1774144,79.22069,1.917477,56.327484,-7.0759635,47.721844,-0.1765766,34.895473,-6.5788097,47.011112,-0.7169447,39.829773,-6.8586435,44.780785,-4.820113,49.713917,-3.1752884,44.83918,0.34755257,32.62933,-6.5273376,33.91173,-0.9935107,34.53549,rock
86,57_Mắt đen,0.3452204,0.085654505,0.11715287,0.0034084579,1639.6889158838715,552450.0427618702,1873.490106696885,188253.52313796547,3063.8064735814146,2183634.2390757115,0.08292882582720588,0.002914518983588586,3.1061634e-06,0.011986546,-1.0950277e-05,0.0020774845,83.35433467741936,-144.50714,4491.1733,128.22868,1181.2675,-13.61122,339.0431,13.8189125,199.5367,-1.39064,160.92297,-0.024629433,125.26858,-7.376705,129.60992,1.4993157,67.998764,-12.951882,162.73662,0.3327028,70.93525,-7.163433,74.95012,0.58734256,79.94237,-6.4774017,71.3975,-4.9668603,65.06019,-9.018339,62.38089,-1.5104467,63.93554,-7.612665,55.199272,-1.8105121,64.79057,-7.4795585,67.65829,-3.1872067,56.746075,rock
87,92_Thoáng Cơn Say,0.41971627,0.091026284,0.041927136,0.0011129783,1904.1219374470804,1309073.816958497,1775.1859409123492,648615.5843535536,3611.5781612809596,4741198.8080099905,0.0870758151122291,0.0025907209075859573,5.597975e-06,0.002201902,-2.008253e-05,0.00027526132,123.046875,-307.20447,23298.398,107.151024,5823.681,-37.024418,1359.5594,11.196127,184.04106,1.4797288,194.38208,-8.446857,358.17612,-1.5710934,200.36974,-0.8558217,643.32007,-1.261183,129.64377,-2.416114,148.59499,-3.0879831,192.2364,4.5627103,83.36261,-7.2492304,145.19453,-3.25904,104.45612,-5.680379,81.76461,-0.9421609,48.233852,-7.9056377,59.11199,-5.114453,89.959,-3.1338897,53.491093,0.49099457,56.60178,rock
88,112_Bay Qua Biển Đông,0.3809993,0.09352627,0.22558828,0.003146221,1925.3779493494867,210870.24646748893,2160.9831797609554,149975.07598947865,4090.296099872412,1240297.0215133694,0.08321132600861068,0.0005555529445933956,2.7630926e-05,0.026196785,-6.9357964e-05,0.010704518,143.5546875,-39.697315,1511.0269,110.02172,585.2884,-16.744228,382.4628,33.66675,161.13075,1.5335629,92.535446,9.514967,78.27744,8.467693,93.558075,12.268135,49.54866,1.2064279,63.88737,9.839264,69.89243,-1.1207651,47.201458,6.3568473,56.22246,-0.90945244,30.09618,-0.23152661,35.305286,0.28841904,37.843327,4.4092197,38.396824,-4.9120526,41.23984,-2.2147384,40.64669,-4.6487117,55.816883,3.005329,67.058,rock
89,109_BIỂN ĐÔNG TUNG BAY QUỐC KỲ _ NGŨ CUNG _ LIVE RECORDING AT HO GUOM OPERA,0.4234705,0.08323005,0.31492954,0.0071613677,1915.3562419430764,239783.6354142742,2138.558147197901,134132.1458431712,3999.379982963066,1205800.3235693679,0.08136043017124613,0.0008667606753384944,6.822921e-05,0.051640373,0.0010201336,0.021150075,123.046875,-5.00301,1361.1086,112.14418,558.56946,-17.793295,278.09177,30.529037,192.64168,0.5047022,151.52597,9.978794,116.00335,5.6491485,86.71151,8.71449,73.48209,-5.5730753,86.05502,6.3515706,68.5254,-2.337179,62.708023,1.8903296,60.12167,-1.2338008,43.88461,0.97925615,43.804142,-4.308259,47.2612,2.4285102,43.066414,-1.3867388,43.573837,1.9494039,47.511375,-2.911168,51.357475,-1.6982328,44.40044,rock
90,7_7OVE,0.4372257,0.07587236,0.23064807,0.002103096,2735.4194418446205,282616.9679069268,2596.91665708827,59739.964388854096,5725.940376021914,900472.2070553679,0.12354479337993421,0.0023053317979228253,-2.5087525e-06,0.030248733,7.039475e-05,0.009894846,117.45383522727273,-12.334976,1339.9551,67.71643,435.44257,-7.312204,179.1462,36.856594,160.42006,4.021826,129.37318,15.190267,160.69484,4.8136683,106.80181,11.060571,87.75136,-4.442816,99.1607,9.320902,89.396614,0.12957801,51.12575,3.4922373,48.877426,3.780092,64.813446,0.16893828,50.35497,-3.6560829,37.837105,1.3845572,44.4472,-1.7740195,44.155163,0.9150371,45.91587,-2.0729475,39.80737,-1.1872001,35.920746,rock
91,40_Ta_o Ta_c Tư_ Đâ_t Se_t,0.325558,0.089191355,0.09759989,0.0026242381,1576.1330822263621,499900.8281613721,1914.2792866303696,453272.2083569887,3450.9249660621854,3329533.672280581,0.0655887946255805,0.0011353732293167844,-1.28208e-06,0.009965335,1.0351106e-05,0.0005955186,129.19921875,-195.96262,6266.0327,134.95041,1170.7227,-5.8304486,815.42706,23.211878,376.04227,9.795685,316.24875,-3.5492241,426.3298,-12.529976,243.17278,1.9756547,251.57698,-0.11336647,160.66759,-2.6244187,161.27802,-7.994803,149.77237,1.1957313,223.58165,-7.2696643,153.2007,-5.303195,150.43248,-3.2960413,144.6825,0.26227525,177.46802,-6.5002623,144.50026,3.243007,96.39265,-2.7553284,123.735245,-8.837091,113.93363,rock
92,13_Bức tường - ĐƯỜNG ĐẾN NGÀY VINH QUANG,0.33082983,0.086866654,0.09957369,0.0016767229,2202.4607525125734,206360.3812142928,1995.0564363571705,108470.12389071025,4137.237482690959,945545.150755955,0.12821275457140094,0.001796862619340178,-6.72436e-06,0.0064496743,-9.568082e-05,0.0018168734,99.38401442307692,-111.89429,1803.6821,98.88257,569.20105,-40.29002,289.24475,30.878395,138.51996,-12.871576,208.42448,-5.819851,111.47042,-10.963104,87.31824,-3.6143794,82.20259,-16.437397,84.88154,-2.0832334,55.798737,-2.8835163,47.314243,-2.2063546,55.259228,-9.8671465,49.183037,-6.487752,40.964226,-11.594618,42.719067,-4.526426,34.309914,-9.862631,49.679375,-7.7436295,44.100666,-4.472128,38.723976,-4.0471144,38.966187,rock
93,79_Màu Hoàng Hôn,0.38512975,0.08908295,0.14322892,0.0011890804,1298.935045970053,263149.46983458265,1725.9428918305828,225973.04116661483,2761.699967044795,1464975.1568266232,0.046884448166602165,0.000861227423091767,-0.00019420513,0.0148693705,-0.0015875277,0.002787145,123.046875,-153.9971,4643.417,140.17924,856.3161,-14.213828,440.42343,35.677055,155.56888,13.598276,228.66788,8.583028,134.64427,10.776681,91.1882,8.30014,85.63468,-0.98678184,59.65553,8.599833,51.004906,-2.359808,58.336433,5.019353,34.21983,-1.7908422,30.566883,-1.3696985,39.00846,-1.4177616,48.758526,0.46142164,35.044346,-1.9796426,38.799587,-0.029909896,38.989418,-4.8045406,52.2444,-2.3953319,34.459244,rock
94,122_Điền vào ô trống _250_,0.26405782,0.08911346,0.14872392,0.0024573614,1187.400845522948,102393.12548193555,1435.224403319299,138116.54511734424,2031.904380018866,628489.6394730652,0.06464095455205109,0.0002758705609655726,1.2838433e-06,0.020591568,2.476993e-06,0.0010843478,107.666015625,-157.5792,1768.6215,165.69867,837.41254,-22.311863,306.02728,1.6202096,178.42168,5.625759,117.74923,4.9089074,114.50453,-1.4256742,98.34377,2.8689127,76.891235,-1.4375314,81.76489,9.593338,92.75156,-10.259047,77.37941,-0.17795366,75.63979,-5.8553724,107.04135,-6.4620214,76.96716,-6.2217155,83.99998,-4.7354035,90.764206,-0.38324565,78.48896,1.586481,117.42457,1.4176055,114.8959,0.8369544,125.85657,rock
95,43_Vùng Đất Linh Hồn,0.3609978,0.08270346,0.1543695,0.0020693028,1929.3381570223157,263367.5714458212,2216.1941682458537,245439.6374870446,4157.029029680849,1972297.0058235284,0.0817727481617647,0.0005957897385489722,2.314263e-06,0.015513471,4.6495275e-05,0.0058549982,151.99908088235293,-83.83502,2205.274,114.140114,694.9915,-15.459354,529.44775,21.462637,305.78195,0.0053106253,138.26196,-0.9733838,164.16896,-3.309089,120.94258,1.014446,98.174644,-2.2923481,92.31069,-7.132562,62.34366,-6.242886,74.97135,-1.0447879,72.43325,-8.761956,58.167088,-4.781942,65.03523,-8.146308,53.13713,2.954246,58.26391,-9.363741,60.845154,-4.9344335,53.574776,-2.2236547,52.715164,-4.136296,41.281826,rock
96,128_Thấy Chưa,0.33987385,0.08402545,0.14448094,0.00055914617,2224.963141659377,256822.42581519514,2423.7433463929915,91384.42254556957,4891.103757498065,1555194.3568481165,0.1004852200440209,0.0012665735179090399,-1.9016594e-06,0.013813625,4.137977e-08,0.0025921832,73.828125,-70.05336,790.0544,97.522095,414.61765,-8.153248,203.74236,18.427616,213.37587,9.313467,125.6528,9.044962,103.85446,-7.926466,88.77809,15.962535,78.709694,-3.6551783,80.07228,8.024192,76.35901,-1.5853097,74.43715,1.2392354,58.92378,0.2666865,53.16153,-0.337517,44.40865,-0.9989543,61.99108,-2.8520725,47.5268,-3.1958787,51.738136,-1.5295895,55.70214,-7.168168,52.557335,3.5772233,83.20021,rock
97,21_Màu Áo Học Trò,0.30279097,0.09578811,0.06672929,0.0016650422,1379.844099561594,260669.33711982047,1575.464215197454,163603.28043344044,2544.2512819272447,979558.7915037413,0.06823220267753483,0.0012650218281103046,3.8641983e-06,0.004655587,5.1066136e-06,0.000602967,117.45383522727273,-263.63156,10975.819,129.57207,1067.0569,-28.899456,637.9624,17.367716,426.5644,7.364895,213.46391,-1.2818763,273.17926,3.7959979,209.01216,-1.0894811,194.85289,-13.760264,263.08224,-3.4467728,257.3029,-10.381885,185.73015,-12.295706,185.36285,-11.165237,115.287506,-8.10642,159.23994,-3.7861245,106.77358,0.034517623,129.6101,-7.5106573,170.56906,-3.8008485,140.16216,-7.518383,103.85971,-4.604444,109.896935,rock
98,61_MicroWave   Uoc Mo,0.4011181,0.08387019,0.19947556,0.0025424447,2031.8990193009802,336532.8601866931,2277.48644102827,115891.70822699557,4352.427848130926,1620334.2179336061,0.08788117683339783,0.0019192877414156168,4.354e-06,0.023174843,-2.0252446e-05,0.0065395865,172.265625,-64.04608,4367.091,98.15785,838.1541,1.4562799,505.68808,39.275253,253.23363,4.592627,185.16803,16.917496,145.62465,-6.261821,109.032036,6.119896,56.22332,4.078215,80.59894,6.0875764,71.12564,-1.947378,62.389633,10.43106,71.40292,2.8355973,64.802315,6.3305674,64.17503,-0.63117266,54.800262,4.466377,48.392105,-1.3125094,58.706703,4.80077,60.118855,0.920916,58.944176,1.1924427,71.594025,rock
99,28_Thời gian,0.2972118,0.0901275,0.13427216,0.0025045204,1875.1520742259725,395123.8721398037,2270.4571711444523,151026.38607574848,3998.53415474434,1984958.7984760597,0.07326259553986068,0.0019317772630261297,3.689892e-06,0.012244434,-3.0263842e-05,0.0031593745,143.5546875,-132.29161,3129.5232,104.70951,608.79877,4.5631886,281.48358,21.462378,273.76898,-0.6203225,227.65514,3.7986014,180.83565,-6.4263043,106.81064,-4.049214,82.037186,-18.622183,116.54615,0.31206992,184.51758,-12.831647,58.622303,-1.9174359,74.2886,-10.183593,84.204216,-8.048433,85.19277,-15.480084,74.19246,-8.720698,62.436867,-13.395776,80.32194,-7.3092785,75.49661,-11.36555,85.78615,-1.2981812,71.137955,rock
100,70_Em Lo__ Đa_nh Ro_i Ti_nh Chu_ng Ta,0.42025012,0.0838655,0.19486965,0.0034517348,2613.5267922938656,290950.59142571624,2614.0106028800733,55902.979071850445,5504.187550264246,848921.3355514708,0.10299540894688468,0.0019523877797648474,9.721651e-07,0.022541516,-6.3735184e-05,0.0074633677,80.74951171875,-46.470688,1224.5872,70.63047,473.14807,0.41282177,142.16823,43.531723,116.727776,5.9663224,100.63608,12.750641,148.07709,1.3060578,86.7392,7.2651095,78.402985,4.2810316,85.963425,5.671784,59.11039,-5.9994097,59.121403,0.47878462,46.885727,-2.0040119,57.01123,0.16744971,46.438934,-6.139456,39.14563,4.335315,39.541023,-2.4819167,38.299343,0.1445126,38.286842,-1.40246,36.55377,-1.4987794,34.715534,rock
101,73_Chung Cư,0.36048275,0.08571441,0.20638452,0.0027628196,2160.9425965432133,259660.92519211318,2408.123777631229,122383.92928817734,4706.484040534902,1372570.1162783618,0.08309379081607972,0.001015750328635094,-4.3828286e-06,0.023998465,-4.334994e-06,0.008062637,112.34714673913044,-48.5253,2214.5244,93.79518,481.75763,-5.449726,314.13007,33.645805,168.1041,5.838718,136.46385,12.023723,79.66479,4.261401,72.09397,5.3449626,48.170334,5.3095236,68.97456,10.189768,68.80587,-1.8688648,53.059967,6.7839665,55.137558,-2.0091448,46.532326,1.3829429,49.664722,-1.3505608,38.0844,4.2353034,41.464096,-4.1225996,40.190685,-0.9372166,39.803604,-4.081327,37.665882,1.4035879,45.338997,rock
102,129_Mấy khi,0.41500258,0.08894342,0.17453493,0.005797176,2254.99856826891,447766.2007572154,2497.798180348247,145746.0475112524,5083.1817626953125,2000205.9152442382,0.08479257117114938,0.001703251420391495,1.349979e-07,0.01599654,-2.2019523e-05,0.010567356,95.703125,-86.47504,3118.746,86.63615,638.771,4.1289907,240.79237,24.36241,318.21536,-2.5113096,227.80885,19.387236,121.91983,3.311947,98.499016,13.478147,93.92287,1.0170169,92.085594,7.8819537,84.58294,5.533637,71.05386,5.470007,88.60033,2.065445,61.10074,1.2042931,57.655598,-6.7959814,60.50585,-2.8364666,57.260838,-3.673615,67.14799,1.6045644,73.38114,-4.805827,85.261185,-0.269931,98.412125,rock
103,11_Một Điều Là Mãi Mãi - Unofficial MV,0.32443696,0.087106146,0.1011649,0.0009794397,1260.546838192035,236411.11774296095,1622.713026201234,341504.6103082772,2502.597367136102,1407806.0612543074,0.05524399701286765,0.0004680585350208303,0.00013406151,0.008948238,0.00038185297,0.00070633076,151.99908088235293,-181.29662,2801.0325,154.56334,1028.8809,-9.422106,327.61932,26.677483,223.2665,1.8271427,192.46552,-6.3009057,111.98811,-8.338276,81.77331,-3.7616372,101.80609,-6.433032,80.55435,0.060769804,76.20532,-3.8914118,57.825844,-2.225169,52.861225,-7.5558386,50.415356,-1.7621832,53.4113,-6.4786563,41.095848,-2.412398,46.92111,-7.3601475,53.976543,-1.8766625,56.020645,-4.487648,59.140396,-1.7806658,36.380714,rock
104,55_Bông Hồng Xanh,0.27802598,0.09208245,0.17905001,0.0049690623,1536.6204166057958,435049.1687861622,2010.3556340840023,301795.45946573094,3229.155473738632,2275002.7465866418,0.060669890129160214,0.0013734463005173941,-2.245036e-05,0.027068878,1.1856363e-06,0.00401659,172.265625,-144.59883,6383.771,119.871666,844.38525,8.906661,455.18054,27.83385,447.24933,9.929662,240.35686,2.0931892,225.96495,-6.5440483,258.66992,-10.225434,114.402245,-3.1042488,129.67027,3.0033548,180.68904,0.20220153,125.68594,-4.305388,129.92531,-11.081956,100.530815,0.8976452,106.637955,-7.1834903,83.22262,-0.015981764,101.469025,-6.973156,114.64559,-2.9057524,112.6533,-10.209071,93.631004,-5.6815047,134.00691,rock
105,30_7UPPERCUTS __ _Frustrating_,0.39553827,0.08173428,0.30195016,0.0022755507,2461.2044512943635,149112.0837991955,2449.7861634464484,75242.92945035611,5033.515396354368,923100.119839727,0.11717521738341719,0.0008034855002716673,-2.550706e-05,0.047769055,-0.00019128944,0.019298991,112.34714673913044,16.332663,1155.3264,80.314095,257.70834,-17.202385,375.88647,30.081154,205.71979,7.848406,141.30508,8.527218,125.83458,-0.026736233,85.02275,9.841257,52.867603,0.13967961,92.912476,14.7055,81.52998,1.068238,69.77713,3.8185513,61.307568,-0.30809745,58.27102,0.7209944,49.03973,-3.6002038,45.236134,4.0643935,56.98706,-4.97796,55.451637,1.1857289,58.307724,-2.0255144,53.49651,0.3196191,68.59996,rock
106,125_Những Con Đường Song Song,0.2598373,0.09077464,0.15177558,0.010327855,1444.6914789622929,649233.3328836324,1890.1204329793152,447757.89637225773,3064.4273031606763,3916253.0166359153,0.0501255472378096,0.0015773105371273647,7.537768e-07,0.027087258,-8.865515e-06,0.0019157899,161.4990234375,-206.22238,15738.357,110.698616,1268.8873,17.831335,488.5895,25.167107,478.46783,5.4003277,186.86304,3.0957108,211.8826,-7.9250164,94.209145,0.694941,266.71036,-14.569494,113.62161,-5.0553985,161.44675,-11.204876,100.396965,-5.5701823,87.63184,-10.135403,75.12624,-6.1056495,95.58821,-5.9048734,82.165405,-7.5047817,53.670193,-7.4034743,63.63592,-2.5769377,67.294044,-2.8075085,89.99954,0.8257761,77.722374,rock
107,68_MicroWave   Bao Dem,0.34001514,0.088817745,0.19287741,0.0025163346,1868.5911017933172,579623.7424282121,2146.8505323139834,187525.96003691835,3913.238837180123,2498681.185274712,0.07962215647977941,0.0024154780158154665,8.0655656e-07,0.024277437,-9.167587e-05,0.0056555825,161.4990234375,-84.207985,4228.552,110.12035,1374.513,1.9510704,533.73444,36.866634,197.99852,5.412482,167.66734,15.696743,171.1616,0.9835578,124.249405,4.9439673,77.31522,-8.096132,136.12228,5.0062304,129.04475,-7.913648,56.60763,7.582025,76.832985,1.1001928,66.33156,1.8671407,47.58136,-0.6512658,67.96973,1.838272,69.332,-4.6448245,55.182095,3.1392255,63.540424,-2.052926,50.46124,-2.2332733,58.41515,rock
108,84_Những Gã Cô Đơn _ Black Of Panic _ OFFICIAL MV,0.30822313,0.08921411,0.28340393,0.0039542806,2302.422142555444,334096.98089041916,2261.817003842845,181177.40715131717,4849.099844823311,1642204.864685189,0.11946507504111842,0.001909386456444925,-2.109675e-06,0.047018494,1.5835398e-05,0.016546693,151.99908088235293,-22.046333,2512.0723,90.56709,791.61487,-17.417881,521.7949,35.998974,276.50146,3.8377311,168.37576,9.895386,154.6615,-4.6229105,115.01471,20.603603,106.9499,2.4848447,139.90256,0.020135602,87.04074,-10.137791,69.93068,7.5508113,100.95472,6.899183,125.065865,-5.914779,77.08387,-3.8282814,93.7447,1.1114668,77.50917,-7.2075768,90.68442,7.59202,83.86722,-4.0062284,87.975365,-2.892624,108.001305,rock
109,27_Noi Vong Tay Lon by Rock Viet Bands _official MV_,0.4033326,0.08731527,0.11054244,0.00070098747,3023.4663424428,262592.8330706835,2730.901966712833,66915.02208409055,6257.507995038579,974367.490657631,0.15646485130853327,0.0021965151879809017,4.922192e-06,0.0061216163,0.000104124214,0.0024342674,129.19921875,-68.09325,1470.0604,62.41394,312.55414,-0.32358477,306.7157,25.81856,280.93698,-8.859517,149.11388,5.179815,141.06042,5.1318874,137.95421,14.01834,104.07281,-4.2462215,96.8175,6.2383695,58.322937,5.5840945,74.93169,5.526727,49.376965,-4.9465747,62.271,5.5283537,54.1105,-4.382345,51.166462,-0.34842563,45.387905,0.9143149,60.33832,2.9386504,49.740856,-6.7937984,60.683872,-1.3855743,66.82593,rock
110,62_Microwave - Tìm Lại _Official Music Video_,0.44841287,0.08693055,0.23628266,0.005499148,2342.353566268422,377811.12520492706,2515.4170074120752,97315.10146371159,5066.511030167618,1489962.714563579,0.09683066920230263,0.0023935167727445923,-5.3376493e-07,0.03189948,-2.403609e-05,0.011470639,129.19921875,-42.27086,2397.7341,82.20007,561.5613,0.86801845,299.8949,37.31236,254.30174,3.2394173,101.01418,14.753214,55.977554,7.474354,62.14325,9.231577,49.026775,3.1289806,59.431255,7.819195,50.34503,0.3130478,48.411064,11.163153,66.124084,2.430126,49.328358,4.2546463,33.765076,0.3546292,38.786884,8.08716,43.043713,-2.4368818,33.521786,0.43123615,34.490757,-0.52984774,40.21254,5.36148,37.71218,rock
111,118_Không Điều Kiện,0.32421213,0.09031468,0.20316197,0.003228356,1204.4480125526122,214435.0423606099,1671.6510457318466,204261.3574321504,2445.968542896188,1267456.7352898128,0.04207381965944272,0.00042981257906360366,-1.8520572e-06,0.034786053,-7.664127e-06,0.0038593563,107.666015625,-143.99603,5576.6206,140.98563,903.5976,-2.8073013,391.10907,36.929317,267.84964,12.5820875,242.73616,8.104665,197.58823,-3.5901015,126.44209,6.1388087,109.37657,5.1609974,116.982994,10.450528,98.29158,-5.279125,89.51704,0.67313766,71.7419,-1.9843066,73.56497,1.3994421,87.50947,-5.5041747,86.1595,-1.6548378,97.3586,-1.95295,73.43378,-3.797727,84.718285,-0.80634415,73.03164,-1.4267952,89.78254,rock
112,115__2G18_ Đến Bao Giờ - Datmaniac ft Cá Hồi Hoang _ Video Lyric,0.36282498,0.08468025,0.14209044,0.0018723138,1647.548588354924,361123.4874432613,1958.8587859552829,221428.5951384566,3344.971440081995,1921755.0689580927,0.07227450627660603,0.0011795755644261503,-4.9790907e-07,0.012197097,-1.1553454e-05,0.004520807,135.99917763157896,-113.97793,2996.7314,128.44061,1175.9731,-13.1842375,414.78397,26.587442,222.68001,5.1924,196.31638,0.42172572,140.25836,-2.6183796,163.48816,2.7210138,86.57389,-8.862201,116.42857,4.5649514,84.50393,-4.956083,86.36819,0.82860863,87.44299,-4.621233,75.565254,-0.8761015,74.37581,-2.5157766,60.03067,3.0109544,103.075195,-3.754687,64.56447,-0.35061696,59.6525,-1.7915614,66.83819,0.34431374,62.58249,rock
113,59_Ta Sẽ Trở Lại,0.3705498,0.08498277,0.23332843,0.0017008933,2196.41965779448,303351.0491786109,2377.2614292685544,121998.33430682651,4873.6205298834175,1333430.2929768013,0.09382293984616873,0.0014517846435040224,-0.00010637772,0.033718083,-6.3379307e-06,0.008299172,129.19921875,-28.803133,1535.2245,94.72054,554.4038,-6.0021563,295.4027,32.489033,247.79832,-0.4824864,117.74582,19.143623,79.87907,-3.177965,83.92242,1.0852559,62.84867,-1.2923737,85.37047,20.035326,72.382454,4.2808204,48.210033,0.7175017,50.43458,-8.681588,48.77892,1.0115786,48.98447,-0.42493355,48.05231,-2.5327628,43.00638,-0.0962005,44.918484,0.3111943,46.820705,-7.6693945,48.75622,4.312188,62.231323,rock
114,97_Bức Tường - Mùa Đông Ở Lại _Lyrics Video_,0.3859247,0.09155862,0.2102098,0.0030350315,1585.4621048905644,230405.24130605563,2128.6821829398996,175314.89039477153,3397.80028729985,1871476.3506801873,0.04424425249129257,0.00044124501533556013,1.9155234e-05,0.038719602,0.00038812915,0.0032352202,123.046875,-107.40984,2758.6846,117.48844,509.7848,-2.0413923,421.79102,20.473928,160.81282,11.189382,112.460526,14.353889,98.69241,1.9720117,89.22431,13.167101,51.869232,2.0996509,67.03712,8.844448,110.12186,-0.2656234,70.80001,1.4875166,73.63362,1.6270294,80.597275,1.4009204,55.74966,-1.0628953,46.897686,1.453228,49.592808,-2.939318,59.907845,3.7746956,62.185783,-4.9153194,84.30017,2.073717,87.71185,rock
115,60_Mùa Hè Đi Qua,0.33079076,0.08644667,0.24641338,0.00158289,1981.3661189885665,195530.94013048994,2229.9628743488665,94494.98645226187,4290.1782245458835,1199788.990157898,0.08346737132352941,0.0007503360287345535,-8.855783e-06,0.04259832,1.28841675e-05,0.007285463,89.10290948275862,-36.75022,1173.3208,103.99955,376.69443,-7.896068,209.2053,25.869331,125.084724,1.7057757,117.60155,21.029938,92.456924,-11.611946,98.056305,-5.225228,67.41878,-3.6820352,88.765045,13.968303,82.478485,-1.4158083,58.409588,5.3065486,56.356453,-2.3585434,54.954445,-1.0280321,48.381523,-2.71005,60.264404,3.219134,52.708614,-3.923282,64.13128,0.30239925,50.71771,-2.7082193,59.394035,2.3572295,80.23591,rock
116,123_Vì Sao,0.36841357,0.086505555,0.20331877,0.0031980288,1968.9759253281595,459828.1469294143,2370.230534079039,154342.62721504562,4389.335958285967,2388387.958023745,0.07420212122678019,0.0021689944779444753,6.0070556e-06,0.026404416,2.6185893e-07,0.0075654704,103.359375,-78.939514,4987.2734,101.55454,779.5857,14.602763,478.7233,32.224426,224.49512,-3.0095153,187.4294,15.127345,130.07776,-0.68252426,84.74841,3.8407629,78.26869,-3.6278224,86.77094,2.9076731,72.61134,-6.1046853,56.84958,-1.056558,52.944405,-5.598874,53.23884,1.2695351,41.953114,-6.309254,41.042763,-5.4993687,53.31567,-7.156835,40.399174,-1.4660616,41.17861,-9.178765,47.145973,-4.361727,40.493523,rock
117,9_7UPPERCUTS  - YÊU _OFFICIAL MUSIC VIDEO_,0.4604282,0.08085006,0.19618145,0.0062108166,2659.8345850058313,401201.3620098512,2502.763425181683,128789.71379164215,5262.459845291941,1546291.0747306333,0.12752095981279024,0.0035896059906041417,-8.8999656e-07,0.020813257,-4.1657346e-05,0.010597484,117.45383522727273,-48.800716,4937.0923,70.41716,746.815,-13.051235,474.02216,36.91927,253.19417,1.9536155,278.50433,9.021377,254.6143,8.700137,142.76196,3.9867904,134.34464,2.28192,135.68317,10.971666,123.088455,0.49014458,79.41885,2.7569184,101.45349,-1.0645114,87.273186,-2.6717908,76.687904,-6.6874576,59.62275,3.7724617,61.596455,-4.6747127,55.71074,1.5193458,55.695724,-3.5093155,52.190113,-3.9030879,63.102474,rock
118,96_VÀI GIÂY _ MINIONN _ OFFICIAL MUSIC VIDEO,0.35157397,0.08748541,0.28911382,0.0023377496,2266.7729700133173,127391.62393350512,2411.1632827827175,61845.25307380318,4738.93801095685,754629.3456360277,0.09066668531104877,0.0006221260824295153,3.985778e-06,0.050612677,-0.000108033804,0.013241074,89.10290948275862,-0.8102149,732.61835,88.77972,198.30354,-14.073904,155.96313,30.916285,90.3709,4.0576997,65.547104,7.2390084,73.68465,4.5479856,61.720806,9.771934,46.867123,5.8922215,56.916183,6.75917,52.076035,-5.193373,42.576645,3.8536663,50.975765,-0.99598813,44.29367,-0.6822466,45.78723,-3.9893901,62.400215,-0.73777497,58.411057,-3.6625462,73.23074,2.5470424,86.294556,-1.1854082,71.93433,4.3681536,64.098885,rock
119,25_Thời gian tôi - Phạm Anh Khoa,0.3254036,0.089969076,0.1040891,0.0033971672,2341.9456297706333,562293.0053268496,2494.467440100575,162807.8307750018,4980.81154838066,2339909.434120549,0.09531027023268189,0.00281507517772143,-1.8566402e-06,0.009307083,-4.5350153e-06,0.0020996267,143.5546875,-148.2697,7306.3413,77.29197,691.7159,-5.7638593,282.90414,25.871403,195.69254,13.684501,148.9924,10.8475485,98.132095,2.6807818,142.28983,1.9661052,120.90778,-5.264432,117.80301,8.048972,90.24701,-2.0133934,68.38262,0.6355284,79.840965,-6.4003496,63.78933,-3.623942,81.109924,-6.3394203,77.497406,-6.5578356,76.23728,-12.179203,64.02967,-5.373183,56.314,-6.9766707,71.02435,1.2883404,111.241714,rock
120,119_Nơi Bắt Đầu,0.28182113,0.088281445,0.12076579,0.0022215545,1093.935313048084,175553.37023226736,1443.0462768400746,184425.6818461717,2000.225404910628,998158.0847453815,0.047234597220878485,0.0003487223742850418,-2.0779753e-06,0.014041829,-1.9648996e-06,0.0006976599,123.046875,-197.58072,2726.4873,157.57721,848.06616,-15.625191,289.34515,20.654032,213.1429,-2.519432,117.462296,-7.3289747,162.92888,-6.615516,112.202736,-8.919333,92.64145,-13.801205,112.59114,-5.496866,73.44529,-15.937624,97.045906,-5.1050916,86.25495,-7.950221,112.27039,-4.8314605,68.986046,-9.146347,65.69086,-11.028063,71.25027,-7.975494,67.04222,-7.138673,67.908424,-10.179972,63.61715,-7.742629,57.68991,rock
121,69_MICROWAVE _ NHỚ _Official Lyric Video_,0.35690752,0.084142625,0.1679496,0.001519958,1761.6448392688683,470785.87287901476,2218.2185239966648,221025.59644245234,3958.0052331505176,2538537.8927015844,0.06193613341718266,0.0012530057128087798,1.3691761e-06,0.021170631,8.089326e-06,0.0029421425,123.046875,-110.21805,2848.3586,110.74847,920.65326,9.131414,354.98923,38.829247,167.47627,8.895084,199.64697,13.358241,131.38358,0.12560298,83.60588,7.1006985,76.532196,-7.191457,88.52628,6.729323,108.44773,-2.644494,54.433926,4.502795,60.337666,-0.518911,54.33667,-0.78678423,65.36274,-2.7358189,68.190315,1.6931952,46.14724,-4.9590197,52.77573,1.8105967,54.088768,-1.2939491,64.69193,-1.5672423,62.913326,rock
122,51_Giấc Mơ 20,0.3648222,0.08563518,0.18313614,0.0012457618,1824.8345926177542,303710.88778001413,2299.44392390395,187346.22939057555,3998.6133209322998,2080603.4283524405,0.06798598345588236,0.0008696545518567015,-6.3488637e-06,0.020038469,-8.2595e-05,0.006754486,99.38401442307692,-83.83076,3080.1414,111.35729,816.8087,8.5847435,312.28036,30.336424,170.38431,8.702835,115.72603,8.733338,125.97975,3.8983052,90.63591,8.704978,89.75215,0.52169675,95.349205,7.5178366,130.42911,-8.494441,76.69011,1.2885766,65.67989,-3.2190561,59.653996,1.1822232,50.03278,-2.17685,52.35545,0.5654647,58.434826,-5.9665813,54.202785,-1.1595019,55.96297,-0.28784823,52.955906,2.7334404,59.19247,rock
123,99_ĐÁ SỐ TỚI _ EM - OFFICIAL LOWCOST VIDEO,0.3909855,0.08102649,0.2107657,0.0025806061,2726.646023886936,496253.6046446593,2319.304957073378,61753.93466008037,5125.952337400832,1287938.823139853,0.1617938062354876,0.00540879421414369,1.7333166e-06,0.023626227,7.577458e-05,0.009059705,92.28515625,-19.28059,5131.886,66.98713,1449.7354,-26.59022,219.92616,36.5377,293.92203,-2.2831678,177.95018,5.4371877,85.60253,-4.8563695,139.87004,4.2547975,117.799774,0.7696115,88.072876,9.384445,87.93428,-2.594988,55.42729,2.7328992,47.519993,-1.3859806,51.11051,-5.0456824,76.05715,1.496304,63.87252,-0.16574413,102.08872,-5.9073524,126.02801,7.4521832,140.1867,-2.5405574,80.580765,2.7760677,98.84542,rock
124,83_Gió Ngày Thu _ Black Of Panic _ OFFICIAL MV,0.3665491,0.08164247,0.28289756,0.0016582889,1932.4768562428553,171402.12769946601,2263.9405442621123,112585.83790637691,4266.52003427039,1175548.3906790726,0.07448802274816177,0.000514371582820667,-1.0334686e-05,0.05821619,8.865455e-05,0.007206605,86.1328125,-27.776335,1512.2211,102.15389,426.43692,-6.555456,282.9843,34.383717,188.91054,6.21,119.112045,12.526457,147.20782,-2.8689919,77.65163,18.99446,68.262886,2.0751874,90.19594,4.760355,51.46932,0.34079918,73.7582,7.0665135,48.4393,3.6322622,61.01247,0.20966351,43.882008,0.88735366,49.023495,2.5489452,46.849037,-7.796773,59.60024,4.663418,71.96404,-2.4814353,57.281662,-4.0721955,59.53095,rock
125,106_Rock Alpha - Dấu Chân Lở Lầm,0.32410252,0.088908866,0.14911607,0.0024627377,2236.19319833844,157690.1796624428,2202.525961763468,48905.89418749176,4489.827017296948,668468.4301283538,0.10672686786474458,0.0011300266368630292,-4.8114066e-06,0.015545843,-0.00011849015,0.0041343574,129.19921875,-83.489624,2458.8882,86.78462,444.2308,-22.53675,304.93033,22.867521,212.95741,-16.703764,277.2104,10.684514,193.1476,5.3555202,132.33836,2.0738785,84.70279,-16.672148,149.07541,3.9518843,123.16515,-7.03331,112.57104,-3.4311419,92.088844,-9.51054,97.477715,-9.348321,105.592865,-3.3323948,75.49777,-4.904545,81.5964,-7.649056,99.41892,1.143203,101.55626,-6.2864156,109.769966,-0.17354052,109.972244,rock
126,90_Nếu Ngày Mai Không Đến,0.42053923,0.09081055,0.20612049,0.0046373787,1614.0630709897712,378721.6806174461,2002.4803067965588,244189.80836054365,3513.695419831173,1835696.3923007718,0.05977080259529799,0.0009719527680676608,6.120096e-05,0.028230064,-0.0002241789,0.007789396,123.046875,-107.06287,3977.0886,117.49763,1157.8612,-5.041205,363.93402,47.24393,292.10608,11.301548,125.65018,8.808464,203.29242,11.583529,107.234024,14.99878,64.74669,-0.715548,74.460655,8.774872,49.85828,4.022179,50.120564,6.361089,65.557434,1.3788369,50.29307,3.5157347,43.583355,-1.4502711,38.206135,-2.894916,45.39769,-4.397768,41.073025,-4.4118567,52.049534,-4.599594,53.603577,3.117998,48.01585,rock
127,91_Giấc Mơ Khác,0.2912805,0.087488234,0.12414071,0.0011620421,1483.7361744951666,532068.7302665305,1959.4414184960765,319087.0057528464,2974.544513336276,2904392.330922515,0.053941094838428794,0.00157521124233079,-7.3448115e-07,0.012383912,2.9351575e-06,0.0012930816,89.10290948275862,-165.39917,3121.7354,131.31795,1528.399,7.6806927,320.9013,19.090815,255.303,5.1139235,132.63553,-1.5893706,144.57924,-14.3656225,99.24674,-1.155023,82.1926,-12.5424385,72.609604,-2.9515374,77.88441,-9.471871,84.17258,-7.3022723,77.251114,-14.274801,61.292522,-10.081538,63.19583,-10.0624485,77.352104,-15.672245,62.95521,-11.564459,67.43693,-7.088716,56.796078,-9.237966,73.81905,-5.1070023,70.51405,rock
128,105_Tình Yêu Bất Tử,0.43724477,0.07998505,0.2892376,0.003216001,2471.071724178645,240208.8243055613,2624.3332208694947,104392.113719517,5461.646140839663,1543613.0085595027,0.09622806513641641,0.0010059311141709904,7.669693e-06,0.053781297,0.00020176018,0.012295705,129.19921875,-2.4282203,1740.8566,80.5489,342.68973,-6.704674,251.73306,19.87147,172.48595,4.52285,160.77733,7.88881,91.792076,4.570172,131.7941,14.073232,72.218376,0.7401268,89.77255,17.221062,72.023315,9.0376215,75.18119,8.824851,61.3341,1.0892864,60.600292,1.9757483,49.351513,-1.878073,44.680737,2.7606697,37.951538,-6.3518057,45.19622,-2.3017905,66.21454,-3.2197356,49.560314,-4.721168,63.157978,rock
129,17_RECYCLE - Tháng 6 _ Original Mp3,0.37985608,0.08618457,0.093056254,0.0009230117,2476.606853628709,729865.173445648,2844.2297435068517,143245.81900305575,5934.464115107392,2482274.990788033,0.08479389391447369,0.0027620404477964036,5.099997e-06,0.0063051907,5.8986934e-06,0.0013382303,117.45383522727273,-162.56117,2975.9922,78.271454,608.16223,38.19195,354.71542,30.68222,183.62366,4.0390034,218.70642,18.578398,119.631,3.0189743,108.92603,7.6623197,82.7009,-9.95285,100.20082,11.605623,103.10317,0.18026014,89.319916,8.195026,81.32234,-0.7860734,63.44704,4.7346053,56.61132,0.40806127,58.900513,4.983469,61.132454,-2.9579604,62.7166,-0.53110904,51.32246,-2.1225882,54.638226,-2.649516,53.403027,rock
